시장명,x좌표,y좌표
청주소나무길 일원 자율상권구역, 36.63896845436406, 127.4864118191411
청주소나무길 일원 자율상권구역, 36.63755113945444, 127.4865421629073
청주소나무길 일원 자율상권구역, 36.63679499180022, 127.4863095643992
청주소나무길 일원 자율상권구역, 36.63720104771117, 127.4899688477815
청주소나무길 일원 자율상권구역, 36.6373679723601, 127.490121197651
청주소나무길 일원 자율상권구역, 36.63868212908231, 127.4900003733658
청주소나무길 일원 자율상권구역, 36.63853470117996, 127.488782061986
청주소나무길 일원 자율상권구역, 36.63913386399524, 127.4887260902912
두꺼비시장(청주), 36.61779082246839, 127.47222312808394
두꺼비시장(청주), 36.61666359327797, 127.47275630181396
두꺼비시장(청주), 36.61753834709897, 127.4742223127537
두꺼비시장(청주), 36.61788298809848, 127.47362978663703
두꺼비시장(청주), 36.6177676972593, 127.47340812224655
두꺼비시장(청주), 36.617906224562255, 127.47329242915178
두꺼비시장(청주), 36.617816410185405, 127.47306293957034
두꺼비시장(청주), 36.61801126158208, 127.47297000577288
가경터미널시장(청주), 36.62799151195114, 127.43713454567325
가경터미널시장(청주), 36.6274705948595, 127.43573443262054
가경터미널시장(청주), 36.62726825421333, 127.4358309921414
가경터미널시장(청주), 36.62707882844614, 127.4352999147766
가경터미널시장(청주), 36.627272559339, 127.4351818975844
가경터미널시장(청주), 36.626433055286284, 127.43288592675466
가경터미널시장(청주), 36.62676885800468, 127.43264989237028
가경터미널시장(청주), 36.62763418903611, 127.43504242272093
가경터미널시장(청주), 36.62837896866158, 127.43461863371262
가경터미널시장(청주), 36.6285468659645, 127.4350799736457
가경터미널시장(청주), 36.62778917267259, 127.43552522032527
가경터미널시장(청주), 36.62830147747534, 127.43691460454237
내덕자연시장(청주), 36.66311245862018, 127.48961527571436
내덕자연시장(청주), 36.66304732594387, 127.48961978663408
내덕자연시장(청주), 36.6629966671575, 127.48948445904246
내덕자연시장(청주), 36.66279041318311, 127.4894483716847
내덕자연시장(청주), 36.66215107639307, 127.4896755674901
내덕자연시장(청주), 36.6621229308634, 127.48946823686504
내덕자연시장(청주), 36.662030818148885, 127.48949694418236
내덕자연시장(청주), 36.662030818148885, 127.48938849431694
내덕자연시장(청주), 36.66190405815488, 127.48941142574472
내덕자연시장(청주), 36.66181581646814, 127.48827725409429
내덕자연시장(청주), 36.66175800289442, 127.48828484052672
내덕자연시장(청주), 36.661736703145785, 127.4879889696614
내덕자연시장(청주), 36.66211705491292, 127.48791310533694
내덕자연시장(청주), 36.66214748297311, 127.48837208449984
내덕자연시장(청주), 36.66246697687881, 127.48837967093228
내덕자연시장(청주), 36.66249436200903, 127.48858071139206
내덕자연시장(청주), 36.6628509285446, 127.48853108001856
내덕자연시장(청주), 36.66287674736444, 127.48861691070378
내덕자연시장(청주), 36.66300584133374, 127.488579359779
복대시장(청주), 36.63550203296519, 127.4480605527404
복대시장(청주), 36.634857018724695, 127.4480158969165
복대시장(청주), 36.63466760875544, 127.4474353712056
복대시장(청주), 36.63425807209504, 127.4480605527404
복대시장(청주), 36.63432974116771, 127.44954695373649
복대시장(청주), 36.635599296548826, 127.44957247135017
청주북부시장, 36.64970965044552, 127.4859926572296
청주북부시장, 36.64976560076006, 127.48580222040962
청주북부시장, 36.6497419294781, 127.48555545720626
청주북부시장, 36.64954179925802, 127.48583172470568
청주북부시장, 36.648906974150734, 127.48515849031388
청주북부시장, 36.64905976303912, 127.4848956338259
청주북부시장, 36.64878431241574, 127.48463009514384
청주북부시장, 36.64865519459464, 127.48486344729876
청주북부시장, 36.648571267897495, 127.4847749344106
청주북부시장, 36.64849379701892, 127.48489831601226
청주북부시장, 36.64822264832196, 127.48478029885436
청주북부시장, 36.64807846568981, 127.48515312589042
청주북부시장, 36.64813656916939, 127.48522822773492
청주북부시장, 36.64798808241223, 127.48553668173916
청주북부시장, 36.64784820332113, 127.4854240289724
청주북부시장, 36.64773199588301, 127.48561714800113
청주북부시장, 36.64794289073367, 127.48582636028225
청주북부시장, 36.64770401999209, 127.4860463013983
청주북부시장, 36.6478482033224, 127.48634939102094
청주북부시장, 36.64837543857943, 127.48642717509055
청주북부시장, 36.64865734655771, 127.4869046082449
청주사직시장, 36.63674500701429, 127.4782926675343
청주사직시장, 36.63628441382622, 127.47835704054825
청주사직시장, 36.63617895051257, 127.4772761103562
청주사직시장, 36.63589053989722, 127.4773002502364
청주사직시장, 36.635823817884656, 127.4768308636766
청주사직시장, 36.63595510953176, 127.4767906305429
청주사직시장, 36.63631669848522, 127.47683354588553
청주사직시장, 36.63639848622744, 127.47669943543984
청주사직시장, 36.63643507545246, 127.47675039740916
청주사직시장, 36.63671702713281, 127.47671016427547
청주사직시장, 36.63672348402944, 127.47682818146768
청주사직시장, 36.636639544331096, 127.47686305018354
원마루시장(청주), 36.61015019224855, 127.49522578691676
원마루시장(청주), 36.60837589716086, 127.49516263404072
원마루시장(청주), 36.60832158136121, 127.49606030706418
원마루시장(청주), 36.6088719796943, 127.49611894902048
원마루시장(청주), 36.60887560072295, 127.49619563465566
원마루시장(청주), 36.60895526331044, 127.49618210189652
원마루시장(청주), 36.60895526331044, 127.49662417202866
원마루시장(청주), 36.61010311964068, 127.49639411512317
청주직지시장, 36.6473587335559, 127.46624559206585
청주직지시장, 36.646336147755136, 127.46553246741676
청주직지시장, 36.64626614882584, 127.46572592144392
청주직지시장, 36.64608962950425, 127.4656007453087
청주직지시장, 36.64602876067887, 127.46571833501147
청주직지시장, 36.64600136969175, 127.46579419933585
청주직지시장, 36.64592224011869, 127.465744887525
청주직지시장, 36.64584919736371, 127.46591558225484
청주직지시장, 36.647036133549065, 127.46676146947158
청주직지시장, 36.6469449135056, 127.46693366534704
청주직지시장, 36.6470037748398, 127.46697832117393
청주사창시장, 36.63388292191097, 127.46644417690224
청주사창시장, 36.63387861715458, 127.46593455720924
청주사창시장, 36.63380974101966, 127.46581117559931
청주사창시장, 36.63381404577989, 127.46567170073595
청주사창시장, 36.63397332173959, 127.4656502430647
청주사창시장, 36.63419286373898, 127.46560732772213
청주사창시장, 36.63414981633743, 127.46523718289244
청주사창시장, 36.63381835053989, 127.46526400498156
청주사창시장, 36.63379682673749, 127.46508697919344
청주사창시장, 36.63393888372215, 127.46508161477564
청주사창시장, 36.63401636923977, 127.46464173251428
청주사창시장, 36.634050807222586, 127.4646470969321
청주사창시장, 36.63404865484912, 127.4645719950826
청주사창시장, 36.63414120685424, 127.46457735950042
청주사창시장, 36.634156273449214, 127.46412943061236
청주사창시장, 36.63396686461251, 127.46415088828364
청주사창시장, 36.63388507428911, 127.46417771037274
청주사창시장, 36.63388292191099, 127.46420989687968
청주사창시장, 36.63385063623223, 127.46420721467076
청주사창시장, 36.63383772195451, 127.46377269679438
청주사창시장, 36.63384417909243, 127.46323893722118
청주사창시장, 36.633596655084936, 127.46326039489246
청주사창시장, 36.63357082644704, 127.4642286723092
청주사창시장, 36.633222138988, 127.46426085881612
청주사창시장, 36.63321137700429, 127.46463636806364
청주사창시장, 36.63333621592297, 127.46466319015272
청주사창시장, 36.63334697788923, 127.46484021594084
청주사창시장, 36.63347827375332, 127.4648455803942
청주사창시장, 36.63348042614273, 127.46488313131891
청주사창시장, 36.63356006450856, 127.46488044911
청주사창시장, 36.633555759734136, 127.46500383071992
청주사창시장, 36.63344552186574, 127.46520188174222
청주사창시장, 36.63345064114142, 127.46529119339598
청주사창시장, 36.633199796233455, 127.4652656757806
청주사창시장, 36.633245869849205, 127.46534860803054
청주사창시장, 36.63325098913814, 127.4654187814728
청주사창시장, 36.63320747517135, 127.4654187814728
청주사창시장, 36.63320491552548, 127.46563249150148
청주사창시장, 36.63338409053114, 127.46570266494372
청주사창시장, 36.63344552186574, 127.46592594407817
청주사창시장, 36.63320491552548, 127.46603120424156
청주사창시장, 36.63320747517135, 127.46628319069325
청주사창시장, 36.63358630182282, 127.46630232890476
복대가경시장(청주), 36.62973389385336, 127.44101321378814
복대가경시장(청주), 36.62972846990818, 127.44116866487346
복대가경시장(청주), 36.62966338253623, 127.44123625230188
복대가경시장(청주), 36.62969050228122, 127.44279752189802
복대가경시장(청주), 36.62962541487718, 127.44279752189802
복대가경시장(청주), 36.62963626278167, 127.44359505355318
복대가경시장(청주), 36.63006475378758, 127.44364236475307
복대가경시장(청주), 36.63007560163024, 127.443899196981
복대가경시장(청주), 36.6294518481977, 127.44392623195236
복대가경시장(청주), 36.62945727216236, 127.44300704292606
복대가경시장(청주), 36.62928370510416, 127.44304083664028
복대가경시장(청주), 36.62926200919442, 127.4419121265859
복대가경시장(청주), 36.629424728368726, 127.44187157412888
복대가경시장(청주), 36.62939218456136, 127.4410740424737
청주육거리종합시장, 36.62803756905361, 127.4910103001088
청주육거리종합시장, 36.62828386677979, 127.49086253164052
청주육거리종합시장, 36.62863050669062, 127.4911012345508
청주육거리종합시장, 36.6286624339724, 127.49122058600597
청주육거리종합시장, 36.62933392599589, 127.49117370188836
청주육거리종합시장, 36.62937611459443, 127.48952489413968
청주육거리종합시장, 36.628813464293074, 127.48957721005756
청주육거리종합시장, 36.62881802532332, 127.4889406689634
청주육거리종합시장, 36.62875873190918, 127.48852578057168
청주육거리종합시장, 36.62878153707386, 127.48853714737696
청주육거리종합시장, 36.62876329294265, 127.48844621293492
청주육거리종합시장, 36.62872224363163, 127.4884177959218
청주육거리종합시장, 36.62869487741215, 127.48787218926968
청주육거리종합시장, 36.62856716825938, 127.48788355607492
청주육거리종합시장, 36.62860821765432, 127.48622400244008
청주육거리종합시장, 36.628749609842735, 127.48579206384048
청주육거리종합시장, 36.62840297046762, 127.48549652690392
청주육거리종합시장, 36.62606311388869, 127.48959994366736
청주육거리종합시장, 36.628028963060885, 127.49102079432392
성안길상점가(청주), 36.63260594050547, 127.4907651094014
성안길상점가(청주), 36.63695975605166, 127.49020109548714
성안길상점가(청주), 36.6367498750334, 127.48765571340716
성안길상점가(청주), 36.63137616570904, 127.4875408756822
성안길상점가(청주), 36.631796239504894, 127.49046923854245
청주중앙시장, 36.63952510224851, 127.4888091962984
청주중앙시장, 36.63857850592486, 127.4889040267019
청주중앙시장, 36.63863938063644, 127.48967404957835
청주중앙시장, 36.63910811430453, 127.48971577495593
청주중앙시장, 36.63908680829058, 127.48946162947452
청주중앙시장, 36.639546408141264, 127.48941990409698
청주서문시장, 36.6341680049947, 127.48465941770743
청주서문시장, 36.63405233628895, 127.48464803805902
청주서문시장, 36.63402494104373, 127.4846935566527
청주서문시장, 36.63396101876703, 127.484674590572
청주서문시장, 36.63391535996548, 127.48463665841062
청주서문시장, 36.6338362179787, 127.48464803805902
청주서문시장, 36.63384230582673, 127.48482631921762
청주서문시장, 36.63387883290476, 127.48484149208218
청주서문시장, 36.63385448152133, 127.48496287499869
청주서문시장, 36.63390622820191, 127.48501977324077
청주서문시장, 36.63388796467156, 127.48514115615724
청주서문시장, 36.6339123160444, 127.48526253907372
청주서문시장, 36.63395797484775, 127.48531943731584
청주서문시장, 36.633942755249656, 127.48544840666462
청주서문시장, 36.63388796467156, 127.4855773760134
청주서문시장, 36.63381491050683, 127.48571393179444
청주서문시장, 36.63374794412834, 127.48570634536216
청주서문시장, 36.63370532912988, 127.48575186395584
청주서문시장, 36.6336688019696, 127.48577083003654
청주서문시장, 36.6336657580388, 127.48583152149476
청주서문시장, 36.633547044643606, 127.48602876873406
청주서문시장, 36.6335835718616, 127.4862108431088
청주서문시장, 36.633708373059136, 127.4861729109474
청주서문시장, 36.63382708620576, 127.48619567024424
청주서문시장, 36.63414365370264, 127.48567979284915
청주서문시장, 36.634189312368896, 127.48561151495866
청주서문시장, 36.63420757582785, 127.48569496571372
청주서문시장, 36.63434150772775, 127.48570634536216
청주서문시장, 36.63441151749184, 127.48564186068778
청주서문시장, 36.63444195649988, 127.48565703355231
청주서문시장, 36.63456066851632, 127.48577083003654
청주서문시장, 36.63502942701221, 127.48570634536227
청주서문시장, 36.635059865776135, 127.48565324033632
청주서문시장, 36.63522423489359, 127.48565703355249
청주서문시장, 36.63549513878488, 127.48565703355249
청주서문시장, 36.63552557736482, 127.48532323053212
청주서문시장, 36.63535816502629, 127.48531943731598
청주서문시장, 36.63534598956929, 127.48520564083178
청주서문시장, 36.635175532969406, 127.4851980543995
청주서문시장, 36.63497159332761, 127.48523219334476
청주서문시장, 36.63484679417612, 127.48522840012862
청주서문시장, 36.6341801806507, 127.48516770867036
청주서문시장, 36.63409190719437, 127.48509563756372
청주서문시장, 36.634079731537305, 127.48488321745988
청주서문시장, 36.634152785450944, 127.48488321745988
청주서문시장, 36.63416800500757, 127.48464803805918
오창전통시장(청주), 36.74023243514984, 127.45699140346402
오창전통시장(청주), 36.74044714608928, 127.4569850240602
오창전통시장(청주), 36.74067208071496, 127.45685105657954
오창전통시장(청주), 36.74096347231814, 127.45696588584866
오창전통시장(청주), 36.7411884054307, 127.45699778286786
오창전통시장(청주), 36.74140822579017, 127.45684467717568
오창전통시장(청주), 36.74154625220576, 127.45697864465632
오창전통시장(청주), 36.74173539911284, 127.45718278557923
오창전통시장(청주), 36.74189898525119, 127.4578590023864
오창전통시장(청주), 36.74227216482434, 127.45736778829064
오창전통시장(청주), 36.74247153398964, 127.4569595064448
오창전통시장(청주), 36.74258399841852, 127.45678088313728
오창전통시장(청주), 36.74204723488789, 127.45569000508048
오창전통시장(청주), 36.74190409731241, 127.45528810263848
오창전통시장(청주), 36.74122930228943, 127.4548096473504
오창전통시장(청주), 36.7408919025532, 127.45509034111942
오창전통시장(청주), 36.74083055698724, 127.45519241158084
오창전통시장(청주), 36.74056983778501, 127.45523706740774
오창전통시장(청주), 36.7405033798075, 127.45525620561928
오창전통시장(청주), 36.74055961348452, 127.45546034654218
오창전통시장(청주), 36.74072320212887, 127.45546672594604
오창전통시장(청주), 36.74075898709835, 127.45574104031118
오창전통시장(청주), 36.74071808998903, 127.45577931673424
오창전통시장(청주), 36.7407385385464, 127.45591966361874
오창전통시장(청주), 36.74056472563495, 127.45606001050324
오창전통시장(청주), 36.74068741714272, 127.45639173950298
오창전통시장(청주), 36.74027333251795, 127.45692123002176
하복대시장(청주), 36.63594103412417, 127.4284301602697
하복대시장(청주), 36.63599373836058, 127.4284019478916
하복대시장(청주), 36.63599143401322, 127.4280724115167
하복대시장(청주), 36.63593734617287, 127.427897005613
하복대시장(청주), 36.63598535050074, 127.4277877661276
하복대시장(청주), 36.63640454084742, 127.4274814079443
하복대시장(청주), 36.63638619793829, 127.4273363959439
하복대시장(청주), 36.63658882176642, 127.4272873906466
하복대시장(청주), 36.63652533834479, 127.4268947592776
하복대시장(청주), 36.6363188741491, 127.4269313182671
하복대시장(청주), 36.63574152467802, 127.427361479703
하복대시장(청주), 36.63566734013461, 127.4273754247156
하복대시장(청주), 36.63513183575812, 127.4277731299472
하복대시장(청주), 36.63544468049329, 127.4283959799024
청주소나무길 골목형상점가, 36.63808833750346, 127.4893897283103
청주소나무길 골목형상점가, 36.63859474374377, 127.4893405351127
청주소나무길 골목형상점가, 36.63854315465603, 127.4888034724113
청주소나무길 골목형상점가, 36.63871951393315, 127.4887749044702
청주소나무길 골목형상점가, 36.63867582892826, 127.4881980347436
청주소나무길 골목형상점가, 36.637607061811, 127.4883158836561
청주소나무길 골목형상점가, 36.63701013015965, 127.4883852459058
청주소나무길 골목형상점가, 36.63706935482561, 127.4889985460426
청주소나무길 골목형상점가, 36.63713281753918, 127.4889891705596
청주소나무길 골목형상점가, 36.63715735617185, 127.4891523406682
청주소나무길 골목형상점가, 36.63762519097853, 127.4891259366405
운수대통 생거진천전통시장, 36.8607855022081, 127.450332462974
운수대통 생거진천전통시장, 36.85926874909513, 127.45007643500304
운수대통 생거진천전통시장, 36.85916850285759, 127.45106786246507
운수대통 생거진천전통시장, 36.859342844055746, 127.45110599429053
운수대통 생거진천전통시장, 36.85932105142772, 127.45134023264696
운수대통 생거진천전통시장, 36.8603322228225, 127.45164528725064
진천중앙시장, 36.85715904380113, 127.44218624980563
진천중앙시장, 36.85716252101119, 127.44223188058037
진천중앙시장, 36.85718164566364, 127.44227316556702
진천중앙시장, 36.857204247519455, 127.44232531502384
진천중앙시장, 36.857075590712526, 127.44236225422245
진천중앙시장, 36.857127748903594, 127.44261648282448
진천중앙시장, 36.857150350775335, 127.44261648282448
진천중앙시장, 36.85716425961616, 127.44270339858588
진천중앙시장, 36.85714165774852, 127.44271860884412
진천중앙시장, 36.857155566590926, 127.44283811801601
진천중앙시장, 36.85721989495416, 127.44286853853251
진천중앙시장, 36.857258144225554, 127.44294024403568
진천중앙시장, 36.85728074605872, 127.44299673928057
진천중앙시장, 36.857305086486996, 127.44309234661809
진천중앙시장, 36.857487639451875, 127.44307496346582
진천중앙시장, 36.857484162256604, 127.4431053839823
진천중앙시장, 36.857505025425795, 127.44311624845248
진천중앙시장, 36.857503286828575, 127.44331615470368
진천중앙시장, 36.857169475430815, 127.44344000966365
진천중앙시장, 36.857195554498766, 127.44348998622644
진천중앙시장, 36.85721467914295, 127.44355734594151
진천중앙시장, 36.857242496798655, 127.44355734594151
진천중앙시장, 36.857256405622714, 127.44367902800747
진천중앙시장, 36.857416356917476, 127.4436442617029
진천중앙시장, 36.85750850262009, 127.44380505586147
진천중앙시장, 36.85742852711096, 127.44382461190779
진천중앙시장, 36.857444174499776, 127.4439267379274
진천중앙시장, 36.8572442354018, 127.44397454159618
진천중앙시장, 36.857305086486996, 127.44408753208597
진천중앙시장, 36.85732247250243, 127.44414620022492
진천중앙시장, 36.85734159711486, 127.44414402733088
진천중앙시장, 36.8573329041098, 127.44429395701928
진천중앙시장, 36.8573502901189, 127.4443700083105
진천중앙시장, 36.85746503767988, 127.44447430722414
진천중앙시장, 36.857487639451875, 127.44457426034975
진천중앙시장, 36.857510241217184, 127.44471767135605
진천중앙시장, 36.85734159711486, 127.44475461055464
진천중앙시장, 36.85718860008151, 127.4447698208129
진천중앙시장, 36.857169475430815, 127.44472853582621
진천중앙시장, 36.857190338685875, 127.44471115267395
진천중앙시장, 36.857174691245106, 127.4446763863694
진천중앙시장, 36.85710514702516, 127.44468725083955
진천중앙시장, 36.85710340841884, 127.44463727427676
진천중앙시장, 36.85713991914304, 127.44459816218414
진천중앙시장, 36.85712079448015, 127.44438087278067
진천중앙시장, 36.857115578662196, 127.44433089621788
진천중앙시장, 36.857070374891435, 127.44433524200593
진천중앙시장, 36.8570582046409, 127.44422225151615
진천중앙시장, 36.85703560274191, 127.4441309899667
진천중앙시장, 36.85702517109396, 127.44401799947687
진천중앙시장, 36.85695388812825, 127.44403103684107
진천중앙시장, 36.85694693368901, 127.4439506397618
진천중앙시장, 36.85705125021118, 127.4439071818811
진천중앙시장, 36.8570286483101, 127.4436877195836
진천중앙시장, 36.85699213753277, 127.44342479940542
진천중앙시장, 36.856924331757114, 127.44339655178295
진천중앙시장, 36.856854787309345, 127.44339437888893
진천중앙시장, 36.85683044673766, 127.44332050049174
진천중앙시장, 36.856854787309345, 127.44329442576331
진천중앙시장, 36.8568321853502, 127.44314449607492
진천중앙시장, 36.85682175367449, 127.44303802426721
진천중앙시장, 36.856818276448934, 127.44297066455215
진천중앙시장, 36.85692954758815, 127.4428859216848
진천중앙시장, 36.856879127873256, 127.44270774437393
진천중앙시장, 36.85684435563671, 127.44250131944067
진천중앙시장, 36.85679567447898, 127.4425034923347
진천중앙시장, 36.856778288343726, 127.44241657657328
진천중앙시장, 36.856717436839105, 127.44235573554033
진천중앙시장, 36.856717436839105, 127.4422905487193
진천중앙시장, 36.85684435563671, 127.44227316556702
진천중앙시장, 36.85683740118752, 127.44219276848774
내수전통시장(청주), 36.72561931136957, 127.53471258107643
내수전통시장(청주), 36.72409722878396, 127.5357425492296
내수전통시장(청주), 36.72342647093188, 127.5361395161288
내수전통시장(청주), 36.72499156343169, 127.5385427751529
내수전통시장(청주), 36.72681459799752, 127.53657939836089
내수전통시장(청주), 36.72842261617825, 127.53892901323634
내수전통시장(청주), 36.72873217730488, 127.5386178770234
증평장뜰시장, 36.7843945114708, 127.58361796427263
증평장뜰시장, 36.78416970165342, 127.58336761200198
증평장뜰시장, 36.78419248646224, 127.58332399001542
증평장뜰시장, 36.78417425861573, 127.58328795446133
증평장뜰시장, 36.78420767633101, 127.58322726300176
증평장뜰시장, 36.78412868898047, 127.58315329528544
증평장뜰시장, 36.78409223325274, 127.58318174440709
증평장뜰시장, 36.78406489144557, 127.58322915960986
증평장뜰시장, 36.78399046092108, 127.5831665715422
증평장뜰시장, 36.78397527100923, 127.58317226136654
증평장뜰시장, 36.78379602982216, 127.58294656500132
증평장뜰시장, 36.78374286496944, 127.58288208030106
증평장뜰시장, 36.78368514310193, 127.5828005261523
증평장뜰시장, 36.78360615521278, 127.5827474211252
증평장뜰시장, 36.78363805417781, 127.5826791432332
증평장뜰시장, 36.783516534239205, 127.58253500101264
증평장뜰시장, 36.78354691424172, 127.58248948241798
증평장뜰시장, 36.78335400102112, 127.58226188944464
증평장뜰시장, 36.78327197478018, 127.58236620289075
증평장뜰시장, 36.78324311367453, 127.58233585716096
증평장뜰시장, 36.78329931687024, 127.5822561996203
증평장뜰시장, 36.78319906249231, 127.58211395401196
증평장뜰시장, 36.78310488400742, 127.58209309129394
증평장뜰시장, 36.782498797184665, 127.58137427681984
증평장뜰시장, 36.78245930263889, 127.58139703611717
증평장뜰시장, 36.782359047162046, 127.58126996337371
증평장뜰시장, 36.78214942163898, 127.58102909412884
증평장뜰시장, 36.78214638358386, 127.58086977904752
증평장뜰시장, 36.78209568680264, 127.5807674843853
증평장뜰시장, 36.78186936258075, 127.58098543723358
증평장뜰시장, 36.781629220504506, 127.5811927678586
증평장뜰시장, 36.78176972925748, 127.58138255512306
증평장뜰시장, 36.78182848738685, 127.58129164861823
증평장뜰시장, 36.78185020233632, 127.58131397653167
증평장뜰시장, 36.7819115151016, 127.58125337219516
증평장뜰시장, 36.78210950390452, 127.58144953886344
증평장뜰시장, 36.78231132422234, 127.5817270429308
증평장뜰시장, 36.78235347650011, 127.5816855768058
증평장뜰시장, 36.7823917967325, 127.5817270429308
증평장뜰시장, 36.78237391395979, 127.58175893995003
증평장뜰시장, 36.78252336272512, 127.58193118386468
증평장뜰시장, 36.78255274150654, 127.58192320960988
증평장뜰시장, 36.78260128033814, 127.5819806242445
증평장뜰시장, 36.78251314401592, 127.58208747925892
증평장뜰시장, 36.7827264592883, 127.58234425026376
증평장뜰시장, 36.78277627534422, 127.58230437898976
증평장뜰시장, 36.78286696602958, 127.58240804430224
증평장뜰시장, 36.78290656335152, 127.58250533024302
증평장뜰시장, 36.78304451510287, 127.58267916899788
증평장뜰시장, 36.78308155766049, 127.58264567712769
증평장뜰시장, 36.783110936227935, 127.582674384445
증평장뜰시장, 36.78305856573028, 127.58274455788732
증평장뜰시장, 36.78316458401767, 127.582883309921
증평장뜰시장, 36.783209290480464, 127.58283705924308
증평장뜰시장, 36.78330892193223, 127.5829168017912
증평장뜰시장, 36.78333063646221, 127.5829534833633
증평장뜰시장, 36.78327826611471, 127.58301249284888
증평장뜰시장, 36.78331019925769, 127.58306831263252
증평장뜰시장, 36.78334468703716, 127.58303960531524
증평장뜰시장, 36.78336001493419, 127.58305555382486
증평장뜰시장, 36.78339450269124, 127.58301887225277
증평장뜰시장, 36.78344431831293, 127.58309701994988
증평장뜰시장, 36.78347369674131, 127.58306352807966
증평장뜰시장, 36.78354394945915, 127.58315124488254
증평장뜰시장, 36.78356821857801, 127.58325331536392
증평장뜰시장, 36.78364613512871, 127.5833553858255
증평장뜰시장, 36.783583546430336, 127.5834335335226
증평장뜰시장, 36.78384411945035, 127.58376047796978
증평장뜰시장, 36.78395524590997, 127.58364724355152
증평장뜰시장, 36.78401527967745, 127.58371901184476
증평장뜰시장, 36.78410469158436, 127.58382586685924
증평장뜰시장, 36.784125128577, 127.58380672864767
증평장뜰시장, 36.784125128577, 127.58382905656111
증평장뜰시장, 36.78421709497648, 127.58384659992171
설성(음성) 골목형상점가, 36.93364867742692, 127.6945304624621
설성(음성) 골목형상점가, 36.93374991630134, 127.6942249266736
설성(음성) 골목형상점가, 36.93384792633274, 127.6941756119559
설성(음성) 골목형상점가, 36.9339477736011, 127.6943360692129
설성(음성) 골목형상점가, 36.93404410597339, 127.6942648130323
설성(음성) 골목형상점가, 36.9339055043938, 127.6940002145145
설성(음성) 골목형상점가, 36.93403331562109, 127.6938994794379
설성(음성) 골목형상점가, 36.93410382879546, 127.694009928185
설성(음성) 골목형상점가, 36.93423644456239, 127.6939795406132
설성(음성) 골목형상점가, 36.93418079743539, 127.6938073885225
설성(음성) 골목형상점가, 36.93430963166813, 127.6937463827436
설성(음성) 골목형상점가, 36.93433894518271, 127.6936995617167
설성(음성) 골목형상점가, 36.93440115430278, 127.6936632826339
설성(음성) 골목형상점가, 36.93446478033795, 127.6937969908397
설성(음성) 골목형상점가, 36.93447970336103, 127.693875934648
설성(음성) 골목형상점가, 36.93480315557144, 127.6936526634445
설성(음성) 골목형상점가, 36.93484419571488, 127.6934700978149
설성(음성) 골목형상점가, 36.93483797339187, 127.6933532677567
설성(음성) 골목형상점가, 36.93478843651442, 127.6933026247099
설성(음성) 골목형상점가, 36.93480696226663, 127.6930685165644
설성(음성) 골목형상점가, 36.93485665746872, 127.6930244962484
설성(음성) 골목형상점가, 36.93476634617111, 127.6926581785633
설성(음성) 골목형상점가, 36.93465435384461, 127.6921220331466
설성(음성) 골목형상점가, 36.93404409579114, 127.6920626723628
설성(음성) 골목형상점가, 36.93402792137852, 127.6922012877994
설성(음성) 골목형상점가, 36.93429830186054, 127.6921621103131
설성(음성) 골목형상점가, 36.93433234028534, 127.6923138559468
설성(음성) 골목형상점가, 36.93446477360873, 127.6922455695358
설성(음성) 골목형상점가, 36.93448812796464, 127.6923558858418
설성(음성) 골목형상점가, 36.93457657373175, 127.6923505207745
설성(음성) 골목형상점가, 36.93460039406786, 127.6924621526914
설성(음성) 골목형상점가, 36.93440104649262, 127.6925638526263
설성(음성) 골목형상점가, 36.93441835599874, 127.6927029582648
설성(음성) 골목형상점가, 36.93436658939089, 127.6928145287158
설성(음성) 골목형상점가, 36.93440681198206, 127.6929800745683
설성(음성) 골목형상점가, 36.93429265284402, 127.693027160122
설성(음성) 골목형상점가, 36.93421968653531, 127.6928769597719
설성(음성) 골목형상점가, 36.93428390088323, 127.6927837388974
설성(음성) 골목형상점가, 36.93423643838172, 127.6926259659041
설성(음성) 골목형상점가, 36.93407116484919, 127.6926977514835
설성(음성) 골목형상점가, 36.93390549891903, 127.6928002009579
설성(음성) 골목형상점가, 36.93403406071203, 127.6930747331302
설성(음성) 골목형상점가, 36.93414217374718, 127.6930042492532
설성(음성) 골목형상점가, 36.9342588581895, 127.6933351543311
설성(음성) 골목형상점가, 36.93401717063931, 127.6934479923305
설성(음성) 골목형상점가, 36.93399010807347, 127.6933835868043
설성(음성) 골목형상점가, 36.93389498686669, 127.693446267797
설성(음성) 골목형상점가, 36.93387925256847, 127.6933823293857
설성(음성) 골목형상점가, 36.93397378087742, 127.6933368568288
설성(음성) 골목형상점가, 36.93395483647758, 127.6932810806175
설성(음성) 골목형상점가, 36.93385834548691, 127.6933348727875
설성(음성) 골목형상점가, 36.93383751999296, 127.6932822544254
설성(음성) 골목형상점가, 36.93394944515201, 127.6931972609671
설성(음성) 골목형상점가, 36.93391076565997, 127.6931012206133
설성(음성) 골목형상점가, 36.93378066703897, 127.6931731779372
설성(음성) 골목형상점가, 36.93381493084626, 127.6932383065824
설성(음성) 골목형상점가, 36.93362366525047, 127.6933235203127
설성(음성) 골목형상점가, 36.93353824954413, 127.6931882371118
설성(음성) 골목형상점가, 36.93335871927817, 127.6932956769177
설성(음성) 골목형상점가, 36.93307977666693, 127.692582028675
설성(음성) 골목형상점가, 36.93318396946176, 127.6925393829443
설성(음성) 골목형상점가, 36.93312933460895, 127.6924063587212
설성(음성) 골목형상점가, 36.93324847205763, 127.6923697892212
설성(음성) 골목형상점가, 36.93321611544372, 127.6922182125917
설성(음성) 골목형상점가, 36.93294709194039, 127.6923284924564
설성(음성) 골목형상점가, 36.93339908830526, 127.6934767169937
설성(음성) 골목형상점가, 36.93356413284446, 127.6933625451935
설성(음성) 골목형상점가, 36.9336236659408, 127.6934754709883
설성(음성) 골목형상점가, 36.93343538114939, 127.6935552350625
설성(음성) 골목형상점가, 36.93349458374144, 127.693719282373
설성(음성) 골목형상점가, 36.93335260440154, 127.6937478782237
설성(음성) 골목형상점가, 36.93330834066886, 127.6936039787936
설성(음성) 골목형상점가, 36.93300268430674, 127.6938320502796
설성(음성) 골목형상점가, 36.93310431784176, 127.6941766182234
설성(음성) 골목형상점가, 36.93245408829099, 127.6945182115699
설성(음성) 골목형상점가, 36.93249899672512, 127.6946606527894
설성(음성) 골목형상점가, 36.93313427520569, 127.6943200606792
설성(음성) 골목형상점가, 36.93316438207444, 127.6943614072262
설성(음성) 골목형상점가, 36.93322939555573, 127.6943156241948
설성(음성) 골목형상점가, 36.93328104671632, 127.6945341897027
삼성면 원도심 자율상권구역(음성), 37.02030363395453, 127.5005433817488
삼성면 원도심 자율상권구역(음성), 37.02079677379442, 127.5001781110272
삼성면 원도심 자율상권구역(음성), 37.02062255274286, 127.4997370418444
삼성면 원도심 자율상권구역(음성), 37.02070662684934, 127.4996625183321
삼성면 원도심 자율상권구역(음성), 37.01991243608787, 127.4981769293989
삼성면 원도심 자율상권구역(음성), 37.0197968107348, 127.4982334648577
삼성면 원도심 자율상권구역(음성), 37.01926242567237, 127.4973031072367
삼성면 원도심 자율상권구역(음성), 37.01875426957378, 127.4975380301894
삼성면 원도심 자율상권구역(음성), 37.01879692329594, 127.4976793789137
삼성면 원도심 자율상권구역(음성), 37.0177037819078, 127.4982332446315
삼성면 원도심 자율상권구역(음성), 37.01775267822799, 127.4984397910603
삼성면 원도심 자율상권구역(음성), 37.01746731868827, 127.4986071403143
삼성면 원도심 자율상권구역(음성), 37.01771128735952, 127.4992050504221
삼성면 원도심 자율상권구역(음성), 37.01869914232739, 127.4987616564538
삼성면 원도심 자율상권구역(음성), 37.01897404293516, 127.4994192324564
삼성면 원도심 자율상권구역(음성), 37.01917268310468, 127.4992562811491
삼성면 원도심 자율상권구역(음성), 37.02013324192544, 127.4997169207669
삼성면 원도심 자율상권구역(음성), 37.01999522999012, 127.5004167041674
감곡시장(음성), 37.11876725342468, 127.6375903305667
감곡시장(음성), 37.11885547098283, 127.63764841313498
감곡시장(음성), 37.118802540460266, 127.63782542667644
감곡시장(음성), 37.118873114482106, 127.6379056359374
감곡시장(음성), 37.11892163408397, 127.63791116761055
감곡시장(음성), 37.118974564523285, 127.63813520037397
감곡시장(음성), 37.11889516885044, 127.63817115624956
감곡시장(음성), 37.11882018397191, 127.63826796053004
감곡시장(음성), 37.11875622622267, 127.638348169791
감곡시장(음성), 37.11877607518511, 127.6384256132154
감곡시장(음성), 37.11863272145058, 127.63854454418852
감곡시장(음성), 37.11858420166356, 127.63858879757387
감곡시장(음성), 37.11875843166321, 127.6386579434885
감곡시장(음성), 37.11872093916549, 127.63888474208848
감곡시장(음성), 37.11866139221919, 127.63898431220557
감곡시장(음성), 37.11861066700578, 127.6391557940738
감곡시장(음성), 37.11851362737238, 127.63912536987138
감곡시장(음성), 37.118509216477015, 127.63918068660308
감곡시장(음성), 37.1184915728929, 127.63933004177868
감곡시장(음성), 37.118445258465066, 127.63950705532012
감곡시장(음성), 37.118385711301954, 127.63973108808352
감곡시장(음성), 37.11833278045098, 127.63991363329812
감곡시장(음성), 37.11845187481364, 127.63990533578836
감곡시장(음성), 37.11846069661083, 127.64007128598344
감곡시장(음성), 37.1183636567852, 127.6400823493298
감곡시장(음성), 37.11825558956026, 127.64004915929075
감곡시장(음성), 37.118237945917045, 127.6399357599908
감곡시장(음성), 37.11815854947174, 127.63983895571032
감곡시장(음성), 37.11806150925881, 127.63983342403716
감곡시장(음성), 37.11803504372464, 127.63973108808352
감곡시장(음성), 37.11801740003002, 127.63961492294692
감곡시장(음성), 37.11802842733962, 127.63944344107864
감곡시장(음성), 37.11803724918616, 127.63918068660308
감곡시장(음성), 37.118059303798, 127.63898707804212
감곡시장(음성), 37.1180703311015, 127.6388985712714
감곡시장(음성), 37.11807474202247, 127.63877964029824
감곡시장(음성), 37.1182533841051, 127.6387907036446
감곡시장(음성), 37.118271027744704, 127.63866900683486
감곡시장(음성), 37.11833278045098, 127.63861092426656
감곡시장(음성), 37.11841879306501, 127.63844220823488
감곡시장(음성), 37.11829969865028, 127.63840072068612
감곡시장(음성), 37.11827323319936, 127.63836199897392
감곡시장(음성), 37.118445258465066, 127.637828192513
감곡시장(음성), 37.118526860056974, 127.63786691422519
감곡시장(음성), 37.11857758532657, 127.6376456472984
감곡시장(음성), 37.11850480558137, 127.6376096914228
감곡시장(음성), 37.11851252464855, 127.63755437469108
감곡시장(음성), 37.11866690582729, 127.6376083085045
음성삼성시장, 37.019679885653, 127.4983338454476
음성삼성시장, 37.01936439328217, 127.49848680314582
음성삼성시장, 37.019346074330095, 127.49851994398044
음성삼성시장, 37.01932164905376, 127.4984460144263
음성삼성시장, 37.01922191242726, 127.49847915526092
음성삼성시장, 37.01919952255432, 127.49855563411002
음성삼성시장, 37.01914049467589, 127.49856073269996
음성삼성시장, 37.01912828200567, 127.49849954962067
음성삼성시장, 37.01904686415399, 127.4985148453905
음성삼성시장, 37.018979694360674, 127.49856073269996
음성삼성시장, 37.018953233516704, 127.49869329603844
음성삼성시장, 37.01892677266354, 127.49870859180827
음성삼성시장, 37.01894305626659, 127.49859642282956
음성삼성시장, 37.01892677266354, 127.49852504257038
음성삼성시장, 37.01876800735088, 127.49856583128992
음성삼성시장, 37.01877207826049, 127.4986295636642
음성삼성시장, 37.01870490822426, 127.49864740872898
음성삼성시장, 37.0185400360654, 127.49865250731892
음성삼성시장, 37.018542071526326, 127.49874428193786
음성삼성시장, 37.01850950414486, 127.49874938052783
음성삼성시장, 37.01849525591109, 127.49865760590886
음성삼성시장, 37.01840773098783, 127.49867800026864
음성삼성시장, 37.01833038329732, 127.49870349321831
음성삼성시장, 37.01822860990034, 127.49874938052783
음성삼성시장, 37.01820011332478, 127.498644859434
음성삼성시장, 37.01794398995723, 127.49873895324802
음성삼성시장, 37.017963264369946, 127.49862630047282
음성삼성시장, 37.0179140075278, 127.49839563050455
음성삼성시장, 37.01875993581712, 127.49803353229848
음성삼성시장, 37.01880570321336, 127.4980896559408
음성삼성시장, 37.01908624933412, 127.4980333295532
음성삼성시장, 37.01911623130104, 127.49819694429816
음성삼성시장, 37.01917833676628, 127.49818621546243
음성삼성시장, 37.01916762893108, 127.49807624489615
음성삼성시장, 37.01922759278884, 127.49800650746388
음성삼성시장, 37.01942675811964, 127.49789921910651
대소시장(음성), 36.96885918863555, 127.48306863409707
대소시장(음성), 36.96896146693983, 127.48319664808254
대소시장(음성), 36.96895711467435, 127.48328108283891
대소시장(음성), 36.96852406301618, 127.4835262160026
대소시장(음성), 36.968545824464826, 127.48374955955175
대소시장(음성), 36.9686024042022, 127.48383671800995
대소시장(음성), 36.96850665385277, 127.48395111348636
대소시장(음성), 36.96828903897433, 127.48411725929728
대소시장(음성), 36.968232459004064, 127.4842670628973
대소시장(음성), 36.96841090338291, 127.48437328726824
대소시장(음성), 36.96834561890259, 127.48455032788647
대소시장(음성), 36.968245515924, 127.4845149197628
대소시장(음성), 36.96821504977396, 127.48459390711558
대소시장(음성), 36.96831950509479, 127.48466744706468
대소시장(음성), 36.9682781582141, 127.4847437107156
대소시장(음성), 36.96817370283663, 127.48471647369752
대소시장(음성), 36.9681345320331, 127.48480363215572
대소시장(음성), 36.9683064481876, 127.48490985652664
대소시장(음성), 36.96825422053616, 127.48492619873755
대소시장(음성), 36.96806271884094, 127.48537016213402
대소시장(음성), 36.96800396254242, 127.48537016213402
대소시장(음성), 36.96800396254242, 127.48543553097768
대소시장(음성), 36.96805836652409, 127.48549545241768
대소시장(음성), 36.96811712278063, 127.4855717160686
대소시장(음성), 36.96819220015352, 127.48565751267589
대소시장(음성), 36.96824442784752, 127.48574603298498
대소시장(음성), 36.96830159851916, 127.4858179308586
대소시장(음성), 36.96836160249647, 127.4859064437534
대소시장(음성), 36.96843232140902, 127.48595807627538
대소시장(음성), 36.96843807996896, 127.48595085999324
대소시장(음성), 36.96851094180463, 127.48600450417192
대소시장(음성), 36.9685602306539, 127.48604071399252
대소시장(음성), 36.96855035483574, 127.48621901846364
대소시장(음성), 36.96807504480085, 127.4872078738756
대소시장(음성), 36.96786282830711, 127.48739878249816
대소시장(음성), 36.96767216455294, 127.4872452255759
대소시장(음성), 36.967748430111925, 127.48704394150212
대소시장(음성), 36.96762905789885, 127.48694641210552
대소시장(음성), 36.96766387481366, 127.4868219064929
대소시장(음성), 36.96761579430809, 127.4868468076154
대소시장(음성), 36.9675527922203, 127.48682813177352
대소시장(음성), 36.96746492080023, 127.48698791397642
대소시장(음성), 36.96733725836775, 127.48690906042174
대소시장(음성), 36.96723280712739, 127.48678662990264
대소시장(음성), 36.96715985696975, 127.48674097784466
대소시장(음성), 36.96747984236929, 127.48577813444014
대소시장(음성), 36.96752958091164, 127.48571173144674
대소시장(음성), 36.96753289681355, 127.48559760127883
대소시장(음성), 36.96763071584778, 127.48522408444086
대소시장(음성), 36.967625742006376, 127.4851867327304
대소시장(음성), 36.96779485259368, 127.48469701065395
대소시장(음성), 36.96783795915388, 127.48469908574748
대소시장(음성), 36.96787609185986, 127.48457873032191
대소시장(음성), 36.9679034479198, 127.48459740616384
대소시장(음성), 36.96806095231787, 127.48425916590963
대소시장(음성), 36.96819449466037, 127.48405645472718
대소시장(음성), 36.96834428275877, 127.48376138253388
대소시장(음성), 36.96841461794132, 127.4836782406322
대소시장(음성), 36.96831693017474, 127.48349402429052
음성시장, 36.9372240886942, 127.69014530540214
음성시장, 36.93880196408087, 127.69053690815228
음성시장, 36.93920500309879, 127.69104116340903
음성시장, 36.93836462145844, 127.69111626525576
음성시장, 36.93847610118878, 127.69163124934778
음성시장, 36.93826171694722, 127.69174926653554
음성시장, 36.938321744595655, 127.69196384324056
음성시장, 36.938501827257255, 127.69196384324056
음성시장, 36.93856185471655, 127.6921676911103
음성시장, 36.93833031997014, 127.69222133528656
음성시장, 36.938278867708725, 127.6920389450873
음성시장, 36.938184538472605, 127.69204967392255
음성시장, 36.93814166150848, 127.6918029107118
음성시장, 36.93673528371272, 127.69283287889584
음성시장, 36.93674385926572, 127.69258611568507
음성시장, 36.93664095256592, 127.6925646580146
음성시장, 36.93656377244986, 127.69283287889584
음성시장, 36.93648659225563, 127.69297235375409
음성시장, 36.93641798757294, 127.69306891327132
음성시장, 36.93620359754146, 127.69322984580008
음성시장, 36.93601493381485, 127.6928650654016
음성시장, 36.93580054264952, 127.69301526909508
음성시장, 36.93580911830771, 127.6931225574476
음성시장, 36.93566333198719, 127.69343369366985
음성시장, 36.935594726563394, 127.6933585918231
음성시장, 36.93556042382834, 127.69320838812956
음성시장, 36.93510591113124, 127.6935087955166
음성시장, 36.93506303243498, 127.69318693045908
음성시장, 36.93508875965562, 127.69289725190733
음성시장, 36.93486579012151, 127.69213550460456
음성시장, 36.93567190766082, 127.69200675858156
음성시장, 36.93594632870754, 127.6918887413938
음성시장, 36.93600635817982, 127.69202821625204
음성시장, 36.936195021927645, 127.69194238557006
음성시장, 36.93613499260399, 127.69172780886508
음성시장, 36.93641798757294, 127.69152396099533
음성시장, 36.93656377244986, 127.6918243683823
음성시장, 36.93675243481778, 127.69164197818304
음성시장, 36.9366581036922, 127.69144885914852
음성시장, 36.93654662130233, 127.69141667264276
음성시장, 36.93674385926572, 127.69112699409104
음성시장, 36.936898219054896, 127.69121282477302
음성시장, 36.93695824777737, 127.69106262107952
음성시장, 36.93682103919939, 127.69094460389178
음성시장, 36.93700112540733, 127.69056909465804
음성시장, 36.93707830508045, 127.690612009999
무극시장(음성), 36.99355383665824, 127.59564157214758
무극시장(음성), 36.99370314107541, 127.59617628950602
무극시장(음성), 36.99371355765173, 127.5963675705123
무극시장(음성), 36.99364411378271, 127.59639365428586
무극시장(음성), 36.99363716939234, 127.59644582183304
무극시장(음성), 36.99358855864187, 127.5965023366758
무극시장(음성), 36.99357466985031, 127.59655450422298
무극시장(음성), 36.99348439264339, 127.59658493529211
무극시장(음성), 36.993453142816016, 127.59652407315376
무극시장(음성), 36.99339411532931, 127.5965414623362
무극시장(음성), 36.99338717091609, 127.59680664736759
무극시장(음성), 36.99334550442346, 127.59668057579528
무극시장(음성), 36.99307467166511, 127.59683273114116
무극시장(음성), 36.99300175498846, 127.59663275554372
무극시장(음성), 36.99293578269697, 127.59664579743048
무극시장(음성), 36.99299828276402, 127.59686316221035
무극시장(음성), 36.99275869889471, 127.59700662296504
무극시장(음성), 36.99277953230461, 127.5971239999462
무극시장(음성), 36.992713559820345, 127.59715877831096
무극시장(음성), 36.99269619863077, 127.59706748510342
무극시장(음성), 36.99262675383282, 127.59706313780782
무극시장(음성), 36.99259203141008, 127.59685012032357
무극시장(음성), 36.99264411503826, 127.59683273114116
무극시장(음성), 36.99259203141008, 127.59655885151857
무극시장(음성), 36.99248439179878, 127.59658928258771
무극시장(음성), 36.99246703055689, 127.596489294789
무극시장(음성), 36.99238716879314, 127.5964871211412
무극시장(음성), 36.99233734768983, 127.59653281000212
무극시장(음성), 36.99227461754418, 127.59657037198959
무극시장(음성), 36.99226916274647, 127.59661817815544
무극시장(음성), 36.9921846133318, 127.59670183894568
무극시장(음성), 36.99188086294826, 127.5968128473508
무극시장(음성), 36.991829844799945, 127.59665147944096
무극시장(음성), 36.9917949376261, 127.59667165042968
무극시장(음성), 36.99170632703592, 127.59642623673346
무극시장(음성), 36.99180567829667, 127.59639261841888
무극시장(음성), 36.99182178929969, 127.59645313138508
무극시장(음성), 36.99185401129552, 127.59644976955364
무극시장(음성), 36.991832529966494, 127.596385894756
무극시장(음성), 36.99189697393536, 127.59636572376724
무극시장(음성), 36.99192651073619, 127.59642623673346
무극시장(음성), 36.99192919589933, 127.59637580926164
무극시장(음성), 36.99224604448453, 127.59618418486868
무극시장(음성), 36.99244206032123, 127.59603626428468
무극시장(음성), 36.99237224651951, 127.59578076509408
무극시장(음성), 36.992423264304, 127.59574378494808
무극시장(음성), 36.99245280090042, 127.59582783073446
무극시장(음성), 36.99252261462824, 127.595787488757
무극시장(음성), 36.99255752146807, 127.59570008113916
무극시장(음성), 36.99257363231184, 127.59574378494808
무극시장(음성), 36.992600483710525, 127.59570008113916
무극시장(음성), 36.992750851368, 127.59564965366732
무극시장(음성), 36.99279381350125, 127.59571352846498
무극시장(음성), 36.99293612539425, 127.5956530154988
무극시장(음성), 36.99296297666498, 127.59577740326264
무극시장(음성), 36.9931106584844, 127.5957034429706
무극시장(음성), 36.99309723287632, 127.59563284451008
무극시장(음성), 36.99336305947556, 127.59554207506076
무극시장(음성), 36.99340602126297, 127.5956664628246
무극시장(음성), 36.99340333615197, 127.59574042311662
괴산전통시장, 36.80964977083553, 127.79780209064484
괴산전통시장, 36.809593936900185, 127.79692769050598
괴산전통시장, 36.81010073574394, 127.79630005359648
괴산전통시장, 36.81047868524018, 127.79539346694946
괴산전통시장, 36.81050015958738, 127.79517352581024
괴산전통시장, 36.81095541433016, 127.79417037963869
괴산전통시장, 36.810663364429104, 127.79396653175353
괴산전통시장, 36.81051304419278, 127.79408454895018
괴산전통시장, 36.81031548000478, 127.79385387897491
괴산전통시장, 36.810074966392165, 127.79414892196657
괴산전통시장, 36.80995041440295, 127.79398798942566
괴산전통시장, 36.810130799976704, 127.79364466667174
괴산전통시장, 36.80998047869475, 127.79358565807344
괴산전통시장, 36.80989458068683, 127.79364466667174
괴산전통시장, 36.80980009276681, 127.79355883598326
괴산전통시장, 36.80963688608484, 127.79397189617158
괴산전통시장, 36.80949944860912, 127.79385387897491
괴산전통시장, 36.809821567304326, 127.79287755489348
괴산전통시장, 36.81060753123292, 127.79337108135223
괴산전통시장, 36.810663364429104, 127.7932423353195
괴산전통시장, 36.81078791525843, 127.7932906150818
괴산전통시장, 36.81074067186427, 127.79355347156525
괴산전통시장, 36.81159963811378, 127.79408991336824
괴산전통시장, 36.81166406019397, 127.793869972229
괴산전통시장, 36.81240276283885, 127.7945512533188
괴산전통시장, 36.81238128902535, 127.7946960926056
괴산전통시장, 36.81212789757112, 127.7946639060974
괴산전통시장, 36.8121064236805, 127.79484093189238
괴산전통시장, 36.81174995621659, 127.79463171958923
괴산전통시장, 36.81166406019397, 127.7948248386383
괴산전통시장, 36.8115094471104, 127.79471218585968
괴산전통시장, 36.81134194925085, 127.7946102619171
괴산전통시장, 36.811174451024826, 127.79495358467102
괴산전통시장, 36.81135483371461, 127.79504477977753
괴산전통시장, 36.811165861362326, 127.7953666448593
괴산전통시장, 36.81092535042119, 127.7952003479004
괴산전통시장, 36.81067624900705, 127.79568314552309
괴산전통시장, 36.81067195414796, 127.7960157394409
괴산전통시장, 36.81020810794966, 127.79677212238312
괴산전통시장, 36.81006208171299, 127.79678285121916
괴산전통시장, 36.80998906849025, 127.7970403432846
괴산전통시장, 36.8097485538522, 127.79759287834166
괴산전통시장, 36.80985163164673, 127.79776453971864
괴산전통시장, 36.809778618223255, 127.79785573482512
괴산전통시장, 36.80964708651264, 127.79780209064484
청천푸른내시장(괴산), 36.66005377033749, 127.7389007806778
청천푸른내시장(괴산), 36.66018286904371, 127.73805856704712
청천푸른내시장(괴산), 36.66022159861336, 127.73808002471922
청천푸른내시장(괴산), 36.66017856575699, 127.73790299892426
청천푸른내시장(괴산), 36.660324877370506, 127.73710906505583
청천푸른내시장(괴산), 36.66038942652335, 127.73714125156404
청천푸른내시장(괴산), 36.66044106580664, 127.73691594600676
청천푸른내시장(괴산), 36.6602904511335, 127.73673355579376
청천푸른내시장(괴산), 36.660002130794375, 127.73712515830996
청천푸른내시장(괴산), 36.65992467141475, 127.73701786994934
청천푸른내시장(괴산), 36.65982569542737, 127.73717880249023
청천푸른내시장(괴산), 36.65954167667014, 127.73696422576906
청천푸른내시장(괴산), 36.65961483311687, 127.73680329322816
청천푸른내시장(괴산), 36.65931790357788, 127.73651897907256
청천푸른내시장(괴산), 36.65926196020319, 127.73662626743317
청천푸른내시장(괴산), 36.65904679299855, 127.73641705513
청천푸른내시장(괴산), 36.65904248964832, 127.73628830909728
청천푸른내시장(괴산), 36.65884668695852, 127.73626953363416
청천푸른내시장(괴산), 36.65878643987686, 127.73617029190063
청천푸른내시장(괴산), 36.658687462426045, 127.73613274097444
청천푸른내시장(괴산), 36.658526085874655, 127.73623466491698
청천푸른내시장(괴산), 36.65840128777631, 127.7364867925644
청천푸른내시장(괴산), 36.65848305207051, 127.73661285638808
청천푸른내시장(괴산), 36.658648732084565, 127.73679256439208
청천푸른내시장(괴산), 36.65883162519252, 127.73683547973631
청천푸른내시장(괴산), 36.65906400639706, 127.73700177669524
청천푸른내시장(괴산), 36.65916728670723, 127.73709297180176
청천푸른내시장(괴산), 36.65893490581446, 127.7373880147934
청천푸른내시장(괴산), 36.65913716329775, 127.73748993873598
청천푸른내시장(괴산), 36.658977939366046, 127.73787617683408
청천푸른내시장(괴산), 36.65924689851843, 127.73808270692824
청천푸른내시장(괴산), 36.65944700351816, 127.73825705051422
청천푸른내시장(괴산), 36.6595438283313, 127.73834556341173
청천푸른내시장(괴산), 36.65956104161868, 127.73829996585846
청천푸른내시장(괴산), 36.6600580736312, 127.7389021217823
목도시장(괴산), 36.87297357511222, 127.85363495349884
목도시장(괴산), 36.872849125523736, 127.8535196185112
목도시장(괴산), 36.87279548339722, 127.85344451665878
목도시장(괴산), 36.87273540417076, 127.85347670316696
목도시장(괴산), 36.87247577554179, 127.8531923890114
목도시장(괴산), 36.872385656307216, 127.85298854112624
목도시장(괴산), 36.87229553696634, 127.85278737545016
목도시장(괴산), 36.87220327181672, 127.85279542207718
목도시장(괴산), 36.87214962923666, 127.85286247730254
목도시장(괴산), 36.87204878108413, 127.85290002822876
목도시장(괴산), 36.87194149566933, 127.85305827856062
목도시장(괴산), 36.87204878108413, 127.8531950712204
목도시장(괴산), 36.87207023814901, 127.85312801599504
목도시장(괴산), 36.87211958937536, 127.85320043563844
목도시장(괴산), 36.87194578708882, 127.85330504179
목도시장(괴산), 36.87199728410381, 127.85335063934323
목도시장(괴산), 36.87197797272726, 127.8533801436424
목도시장(괴산), 36.87188141577122, 127.85335332155228
목도시장(괴산), 36.8715338097189, 127.85398632287978
목도시장(괴산), 36.87157886985194, 127.85404801368712
목도시장(괴산), 36.87152522683339, 127.85412311553956
목도시장(괴산), 36.87146729233103, 127.8540587425232
목도시장(괴산), 36.87114972464876, 127.85450935363768
목도시장(괴산), 36.87139004625956, 127.85473465919496
목도시장(괴산), 36.871574578411845, 127.85459786653516
목도시장(괴산), 36.87161534708304, 127.85464078187944
목도시장(괴산), 36.87172477867181, 127.8545817732811
목도시장(괴산), 36.87170332150989, 127.85449594259262
목도시장(괴산), 36.871774130121366, 127.85441279411316
목도시장(괴산), 36.872121735080114, 127.854026556015
목도시장(괴산), 36.87229553696634, 127.85398095846176
목도시장(괴산), 36.87227193426427, 127.85390853881836
목도시장(괴산), 36.87237707351744, 127.85387098789214
목도시장(괴산), 36.87234059665006, 127.8538280725479
목도시장(괴산), 36.87246290137193, 127.8537020087242
목도시장(괴산), 36.87264528524252, 127.85391122102736
목도시장(괴산), 36.87266888782923, 127.8538763523102
목도시장(괴산), 36.87277831790877, 127.85395681858064
목도시장(괴산), 36.87297116122127, 127.8536332771182
연풍시장(괴산), 36.76423045107956, 127.99633383750916
연풍시장(괴산), 36.76425193839199, 127.99649477005003
연풍시장(괴산), 36.76435937486383, 127.9964357614517
연풍시장(괴산), 36.76443672903037, 127.9970633983612
연풍시장(괴산), 36.764518380565946, 127.99715995788571
연풍시장(괴산), 36.764518380565946, 127.99723505973816
연풍시장(괴산), 36.76441094431685, 127.99744963645934
연풍시장(괴산), 36.764539867797694, 127.9974174499512
연풍시장(괴산), 36.76454846268872, 127.99763202667236
연풍시장(괴산), 36.76461292434063, 127.9976212978363
연풍시장(괴산), 36.764853580695736, 127.99777150154112
연풍시장(괴산), 36.76476333465108, 127.9976212978363
연풍시장(괴산), 36.764853580695736, 127.99759984016418
연풍시장(괴산), 36.7649051498164, 127.99764811992644
연풍시장(괴산), 36.765038369884365, 127.9976052045822
연풍시장(괴산), 36.76500828795377, 127.9974764585495
연풍시장(괴산), 36.76505555955368, 127.99744963645934
연풍시장(괴산), 36.76502977504824, 127.99735844135284
연풍시장(괴산), 36.76513291301798, 127.9972779750824
연풍시장(괴산), 36.76505985697042, 127.99681663513184
연풍시장(괴산), 36.765038369884365, 127.99664497375488
연풍시장(괴산), 36.76488366268701, 127.99673080444336
연풍시장(괴산), 36.76475473978414, 127.99596369266509
연풍시장(괴산), 36.76507274921915, 127.99583494663236
연풍시장(괴산), 36.765089938880784, 127.99579203128812
연풍시장(괴산), 36.765236050849, 127.99574911594392
연풍시장(괴산), 36.76530480932596, 127.99582421779633
연풍시장(괴산), 36.765287619712495, 127.9955506324768
연풍시장(괴산), 36.76522745603504, 127.9953896999359
연풍시장(괴산), 36.76518448195084, 127.99525022506714
연풍시장(괴산), 36.76507704663492, 127.99501419067384
연풍시장(괴산), 36.76502547762983, 127.9950302839279
연풍시장(괴산), 36.76500399053416, 127.99482107162476
연풍시장(괴산), 36.76440664686375, 127.99505710601808
연풍시장(괴산), 36.76438086214013, 127.99505174160004
연풍시장(괴산), 36.76426483077655, 127.99520194530488
연풍시장(괴산), 36.76410582454873, 127.99520194530488
연풍시장(괴산), 36.76417458403904, 127.99552381038669
연풍시장(괴산), 36.764097229608105, 127.9955506324768
연풍시장(괴산), 36.76414879923741, 127.9957276582718
연풍시장(괴산), 36.76422185615288, 127.9956954717636
연풍시장(괴산), 36.76424334346773, 127.99575448036192
연풍시장(괴산), 36.76430350791725, 127.99608170986174
연풍시장(괴산), 36.76436796977509, 127.99607634544373
연풍시장(괴산), 36.76438086214013, 127.996307015419
연풍시장(괴산), 36.76422669079925, 127.99633417278528
충주자유시장, 36.97380152470573, 127.9337677721598
충주자유시장, 36.97523014088708, 127.9316540260057
충주자유시장, 36.97556724010427, 127.9308341869326
충주자유시장, 36.97568749069962, 127.9302314409574
충주자유시장, 36.97595199182805, 127.9278692853021
충주자유시장, 36.97596800655211, 127.9276871103594
충주자유시장, 36.97584343975007, 127.9276984237699
충주자유시장, 36.97445977527021, 127.9287609401479
충주자유시장, 36.9732808885943, 127.9292749226259
충주자유시장, 36.9733168317135, 127.9289613554875
충주자유시장, 36.97317047314057, 127.929041544394
충주자유시장, 36.97306793067312, 127.9290469405962
충주자유시장, 36.97276340557785, 127.9291450921864
충주자유시장, 36.97160120050793, 127.9296052946285
충주자유시장, 36.97162476246469, 127.9297093637272
충주자유시장, 36.97161239666664, 127.9299660855905
충주자유시장, 36.97158019040541, 127.9300428198222
충주자유시장, 36.97211429174179, 127.9297965101854
충주자유시장, 36.97208874455205, 127.9298981149176
충주자유시장, 36.97292765687011, 127.9295278949947
충주자유시장, 36.97291888328957, 127.9294576721452
충주자유시장, 36.97305209137348, 127.9294207240807
충주자유시장, 36.97305304028791, 127.9299634395797
충주자유시장, 36.97251475565275, 127.9330232186038
충주자유시장, 36.97259926750567, 127.9331002327048
충주자유시장, 36.97264109847742, 127.9332010066318
충주자유시장, 36.97263646502434, 127.9333368460617
충주자유시장, 36.97260447737479, 127.9334608768134
충주자유시장, 36.97281542879416, 127.933849044493
충주자유시장, 36.97314831613657, 127.9338062088944
충주자유시장, 36.97320018217172, 127.9334376653156
충주자유시장, 36.97339662292993, 127.9335696696228
충주자유시장, 36.97360768673314, 127.9336351889868
충주무학시장, 36.97567601772778, 127.9272413191686
충주무학시장, 36.97562168935403, 127.9271277826943
충주무학시장, 36.97418376826907, 127.9259193122249
충주무학시장, 36.97305359771284, 127.9280571469658
충주무학시장, 36.97292668740393, 127.9286149459452
충주무학시장, 36.97296426718322, 127.9291119927372
충주무학시장, 36.97423468375607, 127.9286176391451
충주무학시장, 36.97492421414684, 127.9280649271248
충주무학시장, 36.97518867185906, 127.9278157738749
중앙어울림시장(충주), 36.97217645572398, 127.9338606991028
중앙어울림시장(충주), 36.97223487177705, 127.9335163813574
중앙어울림시장(충주), 36.97217798535447, 127.9334425098643
중앙어울림시장(충주), 36.97213199577223, 127.9333589057275
중앙어울림시장(충주), 36.97143721751733, 127.9334026441081
중앙어울림시장(충주), 36.97141173014518, 127.9337211525475
중앙어울림시장(충주), 36.97145095782798, 127.9337210317916
중앙어울림시장(충주), 36.97145355326448, 127.9338954196868
관아골상가(충주), 36.97177517398048, 127.935436878511
관아골상가(충주), 36.97204229933461, 127.934658990848
관아골상가(충주), 36.97215724566172, 127.9339334891526
관아골상가(충주), 36.97108201424793, 127.9339900192026
관아골상가(충주), 36.97028811558084, 127.9340360468942
관아골상가(충주), 36.97035774486361, 127.9347268647256
관아골상가(충주), 36.96937609271584, 127.9351199763605
관아골상가(충주), 36.96938866756392, 127.9373582623338
관아골상가(충주), 36.97003839053543, 127.9374326396909
관아골상가(충주), 36.97027395398906, 127.9355011627572
관아골상가(충주), 36.97101478383953, 127.9355381128693
관아골상가(충주), 36.9710148547956, 127.935002301782
관아골상가(충주), 36.97136746811935, 127.935000834076
관아골상가(충주), 36.9713710151833, 127.9351051370653
관아골상가(충주), 36.97177940235163, 127.9351066635923
관아골상가(충주), 36.9716981700705, 127.9354018064651
성서중심시장(충주), 36.97214930513346, 127.9331522710158
성서중심시장(충주), 36.97221700570194, 127.9330243981333
성서중심시장(충주), 36.9723408797427, 127.9329589439939
성서중심시장(충주), 36.97291251594529, 127.9299635017566
성서중심시장(충주), 36.97290898062861, 127.9294815307019
성서중심시장(충주), 36.97179710595884, 127.930030044433
성서중심시장(충주), 36.97177669620278, 127.931533918498
성서중심시장(충주), 36.97101882897066, 127.9316363964428
성서중심시장(충주), 36.97094444833118, 127.9303881339822
성서중심시장(충주), 36.96991243043335, 127.9308291483435
성서중심시장(충주), 36.96956227995049, 127.9311140712595
성서중심시장(충주), 36.96935622322007, 127.9314318770598
성서중심시장(충주), 36.96937233167009, 127.9331627243362
성서중심시장(충주), 36.96945745508406, 127.9332554582543
성서중심시장(충주), 36.96951269869285, 127.9333345778026
옹달샘시장(충주), 36.96550535987686, 127.9331430788601
옹달샘시장(충주), 36.96530068454729, 127.9329381448395
옹달샘시장(충주), 36.96503156116057, 127.9327916083
옹달샘시장(충주), 36.96504434699706, 127.9321938788322
옹달샘시장(충주), 36.96470387732278, 127.9322079956981
옹달샘시장(충주), 36.96468372072962, 127.9320329499687
옹달샘시장(충주), 36.96464900292261, 127.9320518906374
옹달샘시장(충주), 36.96457931286263, 127.9320127326398
옹달샘시장(충주), 36.96441948110377, 127.9315732358423
옹달샘시장(충주), 36.96435430671523, 127.931514376001
옹달샘시장(충주), 36.96424600498791, 127.9315231048358
옹달샘시장(충주), 36.96426114245167, 127.9316524915401
옹달샘시장(충주), 36.96419903219513, 127.9316706176825
옹달샘시장(충주), 36.96417776854218, 127.9318369533106
옹달샘시장(충주), 36.96424299079351, 127.9317954576908
옹달샘시장(충주), 36.96428609273853, 127.9318110335689
옹달샘시장(충주), 36.96429324180173, 127.9318576565449
옹달샘시장(충주), 36.9643514462308, 127.9319950269383
옹달샘시장(충주), 36.96445690853128, 127.9320865141827
옹달샘시장(충주), 36.96443055649031, 127.9321605327744
옹달샘시장(충주), 36.96442820203089, 127.9326469763308
옹달샘시장(충주), 36.96449416285039, 127.9327985053062
옹달샘시장(충주), 36.96418129458468, 127.9330471916706
옹달샘시장(충주), 36.96435436886802, 127.9333852695929
옹달샘시장(충주), 36.96425447991305, 127.9336478613476
옹달샘시장(충주), 36.96430450478981, 127.9337040575162
옹달샘시장(충주), 36.96429962428847, 127.9339131144371
옹달샘시장(충주), 36.96436205797274, 127.9338919139765
옹달샘시장(충주), 36.96440655773857, 127.9340116912188
옹달샘시장(충주), 36.96444774632234, 127.9341075413707
옹달샘시장(충주), 36.96487905969328, 127.9337280468655
옹달샘시장(충주), 36.96499544092469, 127.9336347809875
옹달샘시장(충주), 36.96515762400949, 127.933396067227
연원시장(충주), 36.99020761979046, 127.9368262078099
연원시장(충주), 36.99021547042138, 127.9364219123462
연원시장(충주), 36.99012839129984, 127.9361163727475
연원시장(충주), 36.98997352834348, 127.9358490218384
연원시장(충주), 36.98967943169034, 127.9358157575006
연원시장(충주), 36.98967560846193, 127.9346371939001
연원시장(충주), 36.99047957122576, 127.934691378751
연원시장(충주), 36.99051492232213, 127.9346401322942
연원시장(충주), 36.9905472931607, 127.9341815061836
연원시장(충주), 36.98883991773673, 127.9340579568677
연원시장(충주), 36.98981514057394, 127.9368865765573
연원시장(충주), 36.99015379739831, 127.9369025273449
연수상가(충주), 36.98847344497052, 127.931237593308
연수상가(충주), 36.98893027985566, 127.9306041232479
연수상가(충주), 36.98959430591947, 127.9294961641727
연수상가(충주), 36.98967546551786, 127.9293124613145
연수상가(충주), 36.98969410305672, 127.9285740245569
연수상가(충주), 36.98965399288101, 127.928520048506
연수상가(충주), 36.98764264606626, 127.9284977229495
연수상가(충주), 36.98736967592239, 127.9288747735425
연수상가(충주), 36.98733641680569, 127.931810991997
연수상가(충주), 36.98738971292781, 127.9318680433228
연수상가(충주), 36.98766306743308, 127.9318542162065
충주농수산물종합시장, 37.00505823313924, 127.9239573043519
충주농수산물종합시장, 37.00493839039048, 127.9218975821268
충주농수산물종합시장, 37.00485647813682, 127.9218118368141
충주농수산물종합시장, 37.0037291128817, 127.9218572455364
충주농수산물종합시장, 37.00364248504724, 127.9219546065979
충주농수산물종합시장, 37.00369865306264, 127.9240143455345
충주농수산물종합시장, 37.00377666568892, 127.9241149483975
충주농수산물종합시장, 37.00496554076486, 127.9240652969394
목행시장(충주), 37.01664325823293, 127.9200704469208
목행시장(충주), 37.01663330594815, 127.9200671846237
목행시장(충주), 37.01562001612642, 127.9186639434338
목행시장(충주), 37.01541681195977, 127.9179604623875
목행시장(충주), 37.01479775638302, 127.9171225009044
목행시장(충주), 37.01465311444927, 127.9171388800302
목행시장(충주), 37.01454691236373, 127.9171007739935
목행시장(충주), 37.01452464658519, 127.9170129719003
목행시장(충주), 37.01420561680292, 127.9168264515617
목행시장(충주), 37.01218046683521, 127.9178651659939
목행시장(충주), 37.01264136519292, 127.9193302912471
목행시장(충주), 37.01475779971504, 127.9182107982407
목행시장(충주), 37.01527849085085, 127.9197769619154
목행시장(충주), 37.01565195804919, 127.9195995817883
목행시장(충주), 37.01565163283227, 127.919557343988
목행시장(충주), 37.01591475417973, 127.9196166598935
목행시장(충주), 37.01619021277142, 127.92045213236
목행시장(충주), 37.01619742871733, 127.9203083741182
엄정내창시장(충주), 37.08688076999406, 127.9182476495724
엄정내창시장(충주), 37.08679182349859, 127.9181240518067
엄정내창시장(충주), 37.08676392156516, 127.9179362369963
엄정내창시장(충주), 37.08673294250967, 127.9178753419039
엄정내창시장(충주), 37.08677122109021, 127.9177173251761
엄정내창시장(충주), 37.08671484246884, 127.9176316342656
엄정내창시장(충주), 37.08663975486576, 127.9175733584213
엄정내창시장(충주), 37.08666984376472, 127.9174782193501
엄정내창시장(충주), 37.0866122379021, 127.9174003714165
엄정내창시장(충주), 37.08666599040015, 127.9172909897044
엄정내창시장(충주), 37.0867523173, 127.9168871567398
엄정내창시장(충주), 37.0867375276999, 127.9166836663318
엄정내창시장(충주), 37.08653203935754, 127.9158765078749
엄정내창시장(충주), 37.08642237487571, 127.9155522360428
엄정내창시장(충주), 37.08633849384353, 127.9154939496649
엄정내창시장(충주), 37.08626406041066, 127.9149735873819
엄정내창시장(충주), 37.08641261155505, 127.9148573635109
엄정내창시장(충주), 37.08639163692369, 127.9147541084363
엄정내창시장(충주), 37.0860691084562, 127.9147907806293
엄정내창시장(충주), 37.08595396741288, 127.9143486855761
엄정내창시장(충주), 37.08593003006573, 127.9145023584742
엄정내창시장(충주), 37.08588642704041, 127.9145002477097
엄정내창시장(충주), 37.08587202370393, 127.9145321691022
엄정내창시장(충주), 37.08576626277839, 127.9145600313249
엄정내창시장(충주), 37.08578904268133, 127.9148196165705
엄정내창시장(충주), 37.08572047693536, 127.9151328158606
엄정내창시장(충주), 37.08569429377536, 127.9155324224319
엄정내창시장(충주), 37.0856640320667, 127.9156299205218
엄정내창시장(충주), 37.08571148213534, 127.9174001683017
엄정내창시장(충주), 37.08583526942692, 127.9177875832981
엄정내창시장(충주), 37.08626933043937, 127.9187006744285
엄정내창시장(충주), 37.08634039699191, 127.9186309652654
엄정내창시장(충주), 37.08642852390594, 127.9186005415241
엄정내창시장(충주), 37.08650407408454, 127.9186692949495
엄정내창시장(충주), 37.08665620969004, 127.9186374398855
엄정내창시장(충주), 37.08662611468861, 127.9184879970013
제천시 원도심 상권활성화구역, 37.13930785343205, 128.2140984703116
제천시 원도심 상권활성화구역, 37.1393773598074, 128.2137524721435
제천시 원도심 상권활성화구역, 37.13933422406177, 128.2132860581876
제천시 원도심 상권활성화구역, 37.13947615911139, 128.2126276916837
제천시 원도심 상권활성화구역, 37.13918081151941, 128.2124674502553
제천시 원도심 상권활성화구역, 37.1394761072934, 128.2114544362218
제천시 원도심 상권활성화구역, 37.13663529200912, 128.2099388062261
제천시 원도심 상권활성화구역, 37.13636614979153, 128.2099748716831
제천시 원도심 상권활성화구역, 37.13591283517896, 128.2113557811784
제천시 원도심 상권활성화구역, 37.13698069574131, 128.2125770114991
제천시 원도심 상권활성화구역, 37.13857004473603, 128.2137662347681
제천시 원도심 상권활성화구역, 37.13886636429924, 128.2140122803502
제천중앙시장, 37.13707468152901, 128.2115789098013
제천중앙시장, 37.13726885096217, 128.2109239247724
제천중앙시장, 37.13635848370073, 128.210557113098
제천중앙시장, 37.13608368438759, 128.2115818975164
제천중앙시장, 37.13619800781154, 128.2117598993485
제천중앙시장, 37.1365728017484, 128.2121520699382
제천역전한마음시장, 37.12965225114061, 128.2071509171237
제천역전한마음시장, 37.12978581263902, 128.206747088279
제천역전한마음시장, 37.12969719267615, 128.2066711882747
제천역전한마음시장, 37.12955747165815, 128.206577916483
제천역전한마음시장, 37.12927561359548, 128.2063977082854
제천역전한마음시장, 37.12922545554415, 128.2063792017136
제천역전한마음시장, 37.129216654768, 128.2063149262547
제천역전한마음시장, 37.12916807319274, 128.2062852264138
제천역전한마음시장, 37.12907617230319, 128.2062842809139
제천역전한마음시장, 37.12907356204096, 128.2062618893076
제천역전한마음시장, 37.12872654649745, 128.2060893411431
제천역전한마음시장, 37.12855889797368, 128.2066012691699
제천역전한마음시장, 37.12964844541015, 128.2071640597953
내토재래시장(제천), 37.13825367341185, 128.212738070458
내토재래시장(제천), 37.1382320580058, 128.2126697908682
내토재래시장(제천), 37.13825411764223, 128.2126041153512
내토재래시장(제천), 37.13830381088975, 128.2125806533084
내토재래시장(제천), 37.13833732060277, 128.2124809755451
내토재래시장(제천), 37.13809137026563, 128.2123413691903
내토재래시장(제천), 37.1380493868792, 128.2122787352536
내토재래시장(제천), 37.13735234859009, 128.2118533939116
내토재래시장(제천), 37.13733175819961, 128.2119042223334
내토재래시장(제천), 37.13717393544093, 128.2118231783836
내토재래시장(제천), 37.13708489966072, 128.2120835596985
내토재래시장(제천), 37.13714000386674, 128.212144654356
내토재래시장(제천), 37.13710366320149, 128.2122136515679
내토재래시장(제천), 37.13715256298217, 128.2122749236258
내토재래시장(제천), 37.13709831803581, 128.2123872797885
내토재래시장(제천), 37.13713494027634, 128.2123848639486
내토재래시장(제천), 37.13731272376763, 128.212497187735
내토재래시장(제천), 37.13715360779139, 128.2127028304143
내토재래시장(제천), 37.13728745598456, 128.2128087847827
내토재래시장(제천), 37.137329773387, 128.2127937156641
내토재래시장(제천), 37.13737754606063, 128.2128368553585
내토재래시장(제천), 37.13744728002818, 128.2128335063796
내토재래시장(제천), 37.13750190839988, 128.2128765728829
내토재래시장(제천), 37.13758971782882, 128.2126242729635
내토재래시장(제천), 37.13771185026057, 128.2126880863906
내토재래시장(제천), 37.13775604861243, 128.2125561934015
내토재래시장(제천), 37.13821467719688, 128.2128224429904
제천약초시장, 37.12733206909225, 128.2190730672728
제천약초시장, 37.12721093754499, 128.2194200643072
제천약초시장, 37.12721304264742, 128.2194857526522
제천약초시장, 37.12759554974446, 128.2198860645032
제천약초시장, 37.12755387969113, 128.2200425268281
제천약초시장, 37.1281227209281, 128.2202191808625
제천약초시장, 37.12817136848981, 128.2201121876431
제천약초시장, 37.12809345346988, 128.2200744378494
제천약초시장, 37.12813479962545, 128.2199799610898
제천약초시장, 37.12830550904162, 128.2200306199507
제천약초시장, 37.12838466218436, 128.2196830019582
덕산전통시장(제천), 36.9092000139421, 128.1662197690353
덕산전통시장(제천), 36.90894665056261, 128.1658532412102
덕산전통시장(제천), 36.90884248172156, 128.1659256969569
덕산전통시장(제천), 36.90885879007354, 128.1660151926065
덕산전통시장(제천), 36.90880481802971, 128.1660719777802
덕산전통시장(제천), 36.90890531213403, 128.1662244656662
덕산전통시장(제천), 36.9089093002215, 128.1664006722603
덕산전통시장(제천), 36.90876918785004, 128.1665302249635
덕산전통시장(제천), 36.90876776914777, 128.1666075965185
덕산전통시장(제천), 36.90840752191957, 128.1667385793459
덕산전통시장(제천), 36.9083019558247, 128.1668100728802
덕산전통시장(제천), 36.90824236231512, 128.1668974437216
덕산전통시장(제천), 36.90833990961198, 128.16695949463
덕산전통시장(제천), 36.90796596620984, 128.1673744330397
덕산전통시장(제천), 36.90787537307804, 128.1672985146826
덕산전통시장(제천), 36.90779147649369, 128.1675571255416
덕산전통시장(제천), 36.90810249302181, 128.1678216774658
덕산전통시장(제천), 36.90784447101059, 128.1680379044903
덕산전통시장(제천), 36.90775128947, 128.1682543674736
덕산전통시장(제천), 36.90769530791818, 128.1682869952902
덕산전통시장(제천), 36.907692225487, 128.1684207326257
덕산전통시장(제천), 36.9076257158267, 128.1685490089669
덕산전통시장(제천), 36.90770747899252, 128.1685814071446
덕산전통시장(제천), 36.90792045720386, 128.1683378181499
덕산전통시장(제천), 36.90802245009185, 128.168466198339
덕산전통시장(제천), 36.90809169336129, 128.168380916174
덕산전통시장(제천), 36.90806744079084, 128.1682920001085
덕산전통시장(제천), 36.90803266753879, 128.1682364024686
덕산전통시장(제천), 36.908211174828, 128.167932816163
덕산전통시장(제천), 36.90843192343177, 128.1677375407449
덕산전통시장(제천), 36.90857328028101, 128.1675650528621
덕산전통시장(제천), 36.9087885323626, 128.1671960601778
덕산전통시장(제천), 36.90887243741271, 128.1672383250034
덕산전통시장(제천), 36.90913946831377, 128.1670651302877
덕산전통시장(제천), 36.90911349660234, 128.1669270243765
덕산전통시장(제천), 36.90913824795633, 128.1669309155483
덕산전통시장(제천), 36.90918895870055, 128.1667085268232
덕산전통시장(제천), 36.90916522395256, 128.1666316832427
덕산전통시장(제천), 36.90926064976219, 128.1665841626638
덕산전통시장(제천), 36.90927713892486, 128.1664530295042
덕산전통시장(제천), 36.90935880224011, 128.1663605482306
덕산전통시장(제천), 36.90938968411775, 128.1658100195781
동문시장(제천), 37.13910242755787, 128.212845331776
동문시장(제천), 37.13900485029716, 128.2128102322632
동문시장(제천), 37.13899820631055, 128.2127697551737
동문시장(제천), 37.13891186699639, 128.2127903657383
동문시장(제천), 37.13879215729394, 128.2127573994848
동문시장(제천), 37.13886233132816, 128.2124679881532
동문시장(제천), 37.13871959597998, 128.2124107651653
동문시장(제천), 37.13861298643454, 128.2126927833695
동문시장(제천), 37.1384198947484, 128.2125720175407
동문시장(제천), 37.13832983197311, 128.2127980218009
동문시장(제천), 37.13827100038912, 128.2129950878631
동문시장(제천), 37.13827732239641, 128.2130508370062
동문시장(제천), 37.13838483917177, 128.213113742736
동문시장(제천), 37.13833585386975, 128.2133316759681
동문시장(제천), 37.13851520577919, 128.2134331532818
동문시장(제천), 37.13845590582705, 128.2136161635559
동문시장(제천), 37.13853859769516, 128.2136733089655
동문시장(제천), 37.13856916109538, 128.2136618101657
동문시장(제천), 37.13861329873961, 128.2137838077937
동문시장(제천), 37.1386737011616, 128.2138242735145
동문시장(제천), 37.13875224521237, 128.2138665948549
동문시장(제천), 37.13875066921074, 128.2138188901767
동문시장(제천), 37.13877130662454, 128.2138084003915
동문시장(제천), 37.13879383320325, 128.2137461054177
동문시장(제천), 37.13886138466849, 128.2137654144938
동문시장(제천), 37.13888027492723, 128.2138167154144
동문시장(제천), 37.13900166448285, 128.2137806138922
동문시장(제천), 37.13900385191319, 128.2135993824748
동문시장(제천), 37.1389633630822, 128.2135392460619
동문시장(제천), 37.13899628833867, 128.2133910957016
동문시장(제천), 37.13903112659928, 128.2134063394874
박달재전통시장(제천), 37.13962131884739, 128.022679599532
박달재전통시장(제천), 37.13974109630637, 128.0228069886311
박달재전통시장(제천), 37.13979799011243, 128.0227945961981
박달재전통시장(제천), 37.13984775222796, 128.022679032048
박달재전통시장(제천), 37.13969230393099, 128.0225766338727
박달재전통시장(제천), 37.1396570782118, 128.0224162897743
박달재전통시장(제천), 37.13973644340847, 128.0222468027036
박달재전통시장(제천), 37.13940210649807, 128.0219634140312
박달재전통시장(제천), 37.139071040661, 128.0216940890344
박달재전통시장(제천), 37.13901910989243, 128.0217781185495
박달재전통시장(제천), 37.13891470295277, 128.021592899977
박달재전통시장(제천), 37.13890774705555, 128.0215165721634
박달재전통시장(제천), 37.13884014571266, 128.0214593403819
박달재전통시장(제천), 37.13875151841057, 128.0214927630676
박달재전통시장(제천), 37.1385803249927, 128.0214038341782
박달재전통시장(제천), 37.13834412056234, 128.0218696631948
박달재전통시장(제천), 37.13824773570431, 128.0220564984274
박달재전통시장(제천), 37.13831497275695, 128.0221711806051
박달재전통시장(제천), 37.1382992018647, 128.0223404041775
박달재전통시장(제천), 37.13834642873437, 128.0224458082819
박달재전통시장(제천), 37.1383425251682, 128.0226591164284
박달재전통시장(제천), 37.13822658357729, 128.0228943891813
박달재전통시장(제천), 37.13819270646957, 128.0228810495496
박달재전통시장(제천), 37.13811453772845, 128.023013852045
박달재전통시장(제천), 37.13821438896688, 128.0231334626614
박달재전통시장(제천), 37.13811072362317, 128.0233417433132
박달재전통시장(제천), 37.13799383329375, 128.0235032229127
박달재전통시장(제천), 37.13797145843498, 128.0236071050252
박달재전통시장(제천), 37.13804138917708, 128.0237488020819
박달재전통시장(제천), 37.13804035217432, 128.0239582025951
박달재전통시장(제천), 37.13802359139341, 128.0241147469674
박달재전통시장(제천), 37.13803500656003, 128.0242398700451
박달재전통시장(제천), 37.13811520369504, 128.0243296282427
박달재전통시장(제천), 37.13811443315495, 128.0241318084687
박달재전통시장(제천), 37.13832011363272, 128.0237180632685
박달재전통시장(제천), 37.13829061633741, 128.0236711411517
박달재전통시장(제천), 37.13824487149732, 128.0235717171621
박달재전통시장(제천), 37.13817795116232, 128.0235479849713
박달재전통시장(제천), 37.13819506245778, 128.023487870907
박달재전통시장(제천), 37.13824763018149, 128.0234894769484
박달재전통시장(제천), 37.13838946239596, 128.023339998927
박달재전통시장(제천), 37.13844194001928, 128.0233232828997
박달재전통시장(제천), 37.13845089323289, 128.0232551810018
박달재전통시장(제천), 37.13848919136928, 128.0232362649015
박달재전통시장(제천), 37.13849199487237, 128.0231565879989
박달재전통시장(제천), 37.1384626951869, 128.0230994438232
박달재전통시장(제천), 37.13848893613784, 128.0230138417583
박달재전통시장(제천), 37.13845731530699, 128.0229695217836
박달재전통시장(제천), 37.13861180257119, 128.0228377409088
박달재전통시장(제천), 37.13865002134965, 128.022776896177
박달재전통시장(제천), 37.13870384954956, 128.0227512402996
박달재전통시장(제천), 37.13869515774779, 128.0227292598119
박달재전통시장(제천), 37.13872504881228, 128.0226747976449
박달재전통시장(제천), 37.13870578281843, 128.0225957154382
박달재전통시장(제천), 37.13866526785176, 128.0226123604984
박달재전통시장(제천), 37.13865054028874, 128.0225365671664
박달재전통시장(제천), 37.13875935673018, 128.0224944376627
박달재전통시장(제천), 37.13882497253486, 128.0223868130298
박달재전통시장(제천), 37.13881704374592, 128.0223169433358
박달재전통시장(제천), 37.13877624374515, 128.0222410505163
박달재전통시장(제천), 37.13876215838214, 128.0220988866507
박달재전통시장(제천), 37.13879490509118, 128.0220549804675
박달재전통시장(제천), 37.13875627410444, 128.0219386368778
박달재전통시장(제천), 37.13882409178805, 128.0218204767747
박달재전통시장(제천), 37.1388593813562, 128.021814355663
박달재전통시장(제천), 37.13889078843897, 128.0218620351935
박달재전통시장(제천), 37.13894420413326, 128.0219257949367
박달재전통시장(제천), 37.13912926771839, 128.0221595789093
박달재전통시장(제천), 37.13916906889543, 128.0221331283155
박달재전통시장(제천), 37.13929226228019, 128.0223621093705
박달재전통시장(제천), 37.13922420759567, 128.0224297560647
박달재전통시장(제천), 37.1392699624392, 128.0225200473035
박달재전통시장(제천), 37.13940841373564, 128.022428723938
박달재전통시장(제천), 37.13951272336395, 128.0225044014144
박달재전통시장(제천), 37.13942672930873, 128.0225984849179
박달재전통시장(제천), 37.13952263104304, 128.0227793575087
박달재전통시장(제천), 37.13962950970343, 128.0226820967031
박달재전통시장(제천), 37.13986786519606, 128.022683193317
제천고추시장, 37.15646703144336, 128.1761383528625
제천고추시장, 37.15638603678833, 128.175943772092
제천고추시장, 37.1564680096781, 128.1759394129959
제천고추시장, 37.15661214782543, 128.1758277772362
제천고추시장, 37.15664148768513, 128.175620843116
제천고추시장, 37.15677752593071, 128.1758002606801
제천고추시장, 37.15675043668158, 128.1757993071969
제천고추시장, 37.15680957521955, 128.1757138458165
제천고추시장, 37.15681234475286, 128.1755272100928
제천고추시장, 37.15681973387789, 128.1752394989365
제천고추시장, 37.15698069658188, 128.1751268835823
제천고추시장, 37.15661336869432, 128.1745554080973
제천고추시장, 37.15636245368863, 128.1740934384341
제천고추시장, 37.15605105898378, 128.1738939050811
제천고추시장, 37.15585330229158, 128.1739416765661
제천고추시장, 37.15571096836084, 128.1739346773886
제천고추시장, 37.15553354819529, 128.1741211886162
제천고추시장, 37.15547150826198, 128.1743089101876
제천고추시장, 37.15561034780849, 128.1748332591182
제천고추시장, 37.15589382467924, 128.1754028447257
제천고추시장, 37.15593142409491, 128.1756364514617
제천고추시장, 37.15631162632976, 128.1762326271349
단양구경시장, 36.98211122819981, 128.3703645132922
단양구경시장, 36.9821474085385, 128.3703216615064
단양구경시장, 36.98215693026938, 128.370194562609
단양구경시장, 36.98221380302714, 128.3702040628218
단양구경시장, 36.98305289072867, 128.3702860311894
단양구경시장, 36.98306975351102, 128.3701290277607
단양구경시장, 36.9830743128698, 128.3700624404644
단양구경시장, 36.98334431066739, 128.3700898017928
단양구경시장, 36.98340434338392, 128.3694102957763
단양구경시장, 36.9833718320245, 128.3693317793961
단양구경시장, 36.98329096981284, 128.3693186770623
단양구경시장, 36.98325396842863, 128.3694988309389
단양구경시장, 36.98239287840079, 128.369429111017
단양구경시장, 36.98240384778418, 128.3692106347272
단양구경시장, 36.98215341821425, 128.369178693935
단양구경시장, 36.9821093133141, 128.3694127483338
단양구경시장, 36.98190107326457, 128.3693783555705
단양구경시장, 36.98188169555355, 128.3695185449438
단양구경시장, 36.98189143223928, 128.3696004036838
단양구경시장, 36.9818427738932, 128.3699076646493
단양구경시장, 36.9817582189418, 128.369972076854
단양구경시장, 36.98172896802556, 128.3701291283769
단양구경시장, 36.98204837824556, 128.3701895560508
단양구경시장, 36.98203908776727, 128.3703440238526
매포전통시장(단양), 37.03455965930436, 128.2986639713432
매포전통시장(단양), 37.03423015067393, 128.2990249944782
매포전통시장(단양), 37.03413625389894, 128.2988881686636
매포전통시장(단양), 37.03386543802596, 128.2990911307883
매포전통시장(단양), 37.0341089134422, 128.2994434373501
매포전통시장(단양), 37.03459595092026, 128.3001614813668
매포전통시장(단양), 37.03466248764934, 128.3001011565156
매포전통시장(단양), 37.03465921773059, 128.3000331197314
매포전통시장(단양), 37.03470683523843, 128.2999851199255
매포전통시장(단양), 37.03476047931743, 128.2999787157846
매포전통시장(단양), 37.03497598335179, 128.2997207736364
매포전통시장(단양), 37.03517188950839, 128.2994772879723
상진전통시장(단양), 36.97744801788328, 128.3564723083628
상진전통시장(단양), 36.97801973856564, 128.3574404286316
상진전통시장(단양), 36.97805510732961, 128.3567361214252
상진전통시장(단양), 36.9780776009049, 128.3559882298694
상진전통시장(단양), 36.97798456019355, 128.355895075616
상진전통시장(단양), 36.97786336153489, 128.3559609707501
상진전통시장(단양), 36.97776236795612, 128.3558554489103
상진전통시장(단양), 36.97723116634835, 128.3569183643275
상진전통시장(단양), 36.97710169422604, 128.3568201974766
상진전통시장(단양), 36.97704375198537, 128.3569351496642
상진전통시장(단양), 36.97717153616838, 128.3570381468842
상진전통시장(단양), 36.97710641712624, 128.3571611093326
상진전통시장(단양), 36.97721959461069, 128.3572434756174
상진전통시장(단양), 36.97725400773605, 128.3573615318687
상진전통시장(단양), 36.97727123443724, 128.357391907484
상진전통시장(단양), 36.97765272775087, 128.357418347598
상진전통시장(단양), 36.97768123097323, 128.3573823208071
상진전통시장(단양), 36.97773696307985, 128.3573866083766
상진전통시장(단양), 36.97776704750943, 128.3574283032553
상진전통시장(단양), 36.97801600151316, 128.3574399234578
단양팔경 골목형상점가, 36.98603291930721, 128.3704333431855
단양팔경 골목형상점가, 36.98607116684866, 128.3700634060314
단양팔경 골목형상점가, 36.98591374257855, 128.3700401231503
단양팔경 골목형상점가, 36.98593968507333, 128.3698108692088
단양팔경 골목형상점가, 36.98530322878352, 128.3697309961053
단양팔경 골목형상점가, 36.98528961161004, 128.3699527735595
단양팔경 골목형상점가, 36.98518187740747, 128.3699401092373
단양팔경 골목형상점가, 36.98519309159961, 128.3697168124346
단양팔경 골목형상점가, 36.98508078703661, 128.3697081766968
단양팔경 골목형상점가, 36.98506107898534, 128.3699169676819
단양팔경 골목형상점가, 36.98474716698165, 128.3698689607172
단양팔경 골목형상점가, 36.9847889985752, 128.3694493022188
단양팔경 골목형상점가, 36.98464830645083, 128.3694265487156
단양팔경 골목형상점가, 36.98463217234958, 128.3696594250551
단양팔경 골목형상점가, 36.98344717510773, 128.3694964009754
단양팔경 골목형상점가, 36.98342144896407, 128.3699225134089
단양팔경 골목형상점가, 36.98397147163327, 128.3699948340413
단양팔경 골목형상점가, 36.98398557961693, 128.369808430039
단양팔경 골목형상점가, 36.9840695620466, 128.3698288353268
단양팔경 골목형상점가, 36.98405233332834, 128.3700019799711
단양팔경 골목형상점가, 36.984797831059, 128.3701207648982
단양팔경 골목형상점가, 36.98480207632338, 128.3702782416383
영동전통시장, 36.17845541891501, 127.7750884896691
영동전통시장, 36.17777260593731, 127.7736294121847
영동전통시장, 36.17658453393349, 127.7737971636314
영동전통시장, 36.17580624993743, 127.7742684394236
영동전통시장, 36.1740116737253, 127.7752048587474
영동전통시장, 36.17537092097049, 127.7775726975752
영동중앙시장, 36.17478956302005, 127.7754885026421
영동중앙시장, 36.17466642427551, 127.7755903186715
영동중앙시장, 36.17445826480727, 127.7757602692376
영동중앙시장, 36.17453950798171, 127.7759212326203
영동중앙시장, 36.17457146682393, 127.7759325068576
영동중앙시장, 36.17487379218007, 127.7756587436094
옥천공설시장, 36.30211211293424, 127.5681793681191
옥천공설시장, 36.30224719958884, 127.5679051269151
옥천공설시장, 36.30276639986004, 127.5682822337477
옥천공설시장, 36.30288116929262, 127.5680069297042
옥천공설시장, 36.30284381118944, 127.5679726473976
옥천공설시장, 36.30285907731919, 127.5679397463671
옥천공설시장, 36.30261799811942, 127.5677704524201
옥천공설시장, 36.30230691565213, 127.5675574077376
옥천공설시장, 36.3022668566645, 127.5675644365516
옥천공설시장, 36.30210773856876, 127.5678514985107
옥천공설시장, 36.30217222108303, 127.5679096720565
옥천공설시장, 36.30213855780407, 127.5680030184744
옥천공설시장, 36.30203627737898, 127.5682019596525
옥천공설시장, 36.30242662808415, 127.568483485294
옥천공설시장, 36.30258447707748, 127.5685298667939
옥천먹자 골목형상점가, 36.30137558438938, 127.5702833650939
옥천먹자 골목형상점가, 36.30144152890726, 127.5702326344613
옥천먹자 골목형상점가, 36.30140551927144, 127.5701439819174
옥천먹자 골목형상점가, 36.30150806088987, 127.5700793991871
옥천먹자 골목형상점가, 36.30144208442218, 127.5699587921107
옥천먹자 골목형상점가, 36.30133794938577, 127.5701677774311
옥천먹자 골목형상점가, 36.30132961942537, 127.5702239244212
옥천먹자 골목형상점가-구역2, 36.30148231319973, 127.5699435601538
옥천먹자 골목형상점가-구역2, 36.30160333845703, 127.5698633363076
옥천먹자 골목형상점가-구역2, 36.30162219820196, 127.5698770786617
옥천먹자 골목형상점가-구역2, 36.30167190660668, 127.5698406547724
옥천먹자 골목형상점가-구역2, 36.30166224851811, 127.5698143788801
옥천먹자 골목형상점가-구역2, 36.30168378936472, 127.5698074564926
옥천먹자 골목형상점가-구역2, 36.3017080576354, 127.5697850062321
옥천먹자 골목형상점가-구역2, 36.30166273171799, 127.5697395088466
옥천먹자 골목형상점가-구역2, 36.3017015635916, 127.5696834823864
옥천먹자 골목형상점가-구역2, 36.30169000935902, 127.5696157770463
옥천먹자 골목형상점가-구역2, 36.30172612639932, 127.5696396600703
옥천먹자 골목형상점가-구역2, 36.30180101285748, 127.5694930472856
옥천먹자 골목형상점가-구역2, 36.30169387592134, 127.569418298078
옥천먹자 골목형상점가-구역2, 36.30146635079002, 127.5699073811395
옥천먹자 골목형상점가-구역3, 36.30145678140644, 127.5697662023976
옥천먹자 골목형상점가-구역3, 36.30152997837455, 127.5696241244959
옥천먹자 골목형상점가-구역3, 36.3015139907136, 127.5696138000447
옥천먹자 골목형상점가-구역3, 36.30154395085626, 127.569601428177
옥천먹자 골목형상점가-구역3, 36.30163911463851, 127.5693805040022
옥천먹자 골목형상점가-구역3, 36.30158059657983, 127.569330606667
옥천먹자 골목형상점가-구역3, 36.3015640253077, 127.5693592089786
옥천먹자 골목형상점가-구역3, 36.30154313504637, 127.569344483961
옥천먹자 골목형상점가-구역3, 36.30149211750581, 127.5694671672593
옥천먹자 골목형상점가-구역3, 36.30146712259278, 127.5694774865255
옥천먹자 골목형상점가-구역3, 36.30142902145142, 127.569437793963
옥천먹자 골목형상점가-구역3, 36.30142902138191, 127.5694352925318
옥천먹자 골목형상점가-구역3, 36.3013338381319, 127.5695575579766
옥천먹자 골목형상점가-구역3, 36.30122330006719, 127.5694311077071
옥천먹자 골목형상점가-구역3, 36.30118361575399, 127.5694486256543
옥천먹자 골목형상점가-구역3, 36.30110534294963, 127.5693568754018
옥천먹자 골목형상점가-구역3, 36.3010590396089, 127.5693345532999
옥천먹자 골목형상점가-구역3, 36.30102176864462, 127.5694343661847
옥천먹자 골목형상점가-구역3, 36.30097107374032, 127.5695611066342
옥천먹자 골목형상점가-구역3, 36.30106159165245, 127.5696371505881
옥천먹자 골목형상점가-구역3, 36.30107560138703, 127.5696278872027
옥천먹자 골목형상점가-구역3, 36.3011384219745, 127.5697221503943
옥천먹자 골목형상점가-구역3, 36.3010842019708, 127.5697919568047
옥천먹자 골목형상점가-구역3, 36.30110660427627, 127.569857262552
옥천먹자 골목형상점가-구역3, 36.30109057212805, 127.5698731596538
옥천먹자 골목형상점가-구역3, 36.30110471296142, 127.5698858149061
옥천먹자 골목형상점가-구역3, 36.30107076120286, 127.5699220329826
옥천먹자 골목형상점가-구역3, 36.30105673377148, 127.5699022482933
옥천먹자 골목형상점가-구역3, 36.30101163929282, 127.5699798118177
옥천먹자 골목형상점가-구역3, 36.30123761412526, 127.5701365826237
옥천먹자 골목형상점가-구역3, 36.30125433734248, 127.5701136069757
옥천먹자 골목형상점가-구역3, 36.30127138515606, 127.5701371275587
옥천먹자 골목형상점가-구역3, 36.30129685240823, 127.5701221487553
옥천먹자 골목형상점가-구역3, 36.30144562117239, 127.5697908890398
삼승원남시장(보은), 36.39671240521977, 127.7334002912419
삼승원남시장(보은), 36.39680912517119, 127.7332188659594
삼승원남시장(보은), 36.39647390131247, 127.7327134363323
삼승원남시장(보은), 36.39658673400963, 127.7325909003468
삼승원남시장(보은), 36.39644315348101, 127.7323582527552
삼승원남시장(보은), 36.39578110720218, 127.7327187148642
삼승원남시장(보은), 36.3960647565771, 127.7330677486122
삼승원남시장(보은), 36.39621084945983, 127.7331226544805
삼승원남시장(보은), 36.39654178332654, 127.7333388575018
삼승원남시장(보은), 36.39665853912257, 127.7334078275986
삼승원남시장-구역2, 36.39623828266289, 127.7323487844525
삼승원남시장-구역2, 36.39608965294306, 127.7321507349665
삼승원남시장-구역2, 36.39606639271724, 127.7321335069601
삼승원남시장-구역2, 36.39602358303734, 127.7321373925137
삼승원남시장-구역2, 36.39580170303518, 127.73221332381
삼승원남시장-구역2, 36.39583104711545, 127.7323130994682
삼승원남시장-구역2, 36.39572128798044, 127.7324453633777
삼승원남시장-구역2, 36.39567399201266, 127.7323884209748
삼승원남시장-구역2, 36.39564268467567, 127.7323569536212
삼승원남시장-구역2, 36.39558715596822, 127.7324322180852
삼승원남시장-구역2, 36.39553139722089, 127.7323733590113
삼승원남시장-구역2, 36.39549794281439, 127.7324055488352
삼승원남시장-구역2, 36.39546591412192, 127.7326104047023
삼승원남시장-구역2, 36.39551156415459, 127.7326228311733
삼승원남시장-구역2, 36.39552367355419, 127.7325773533087
삼승원남시장-구역2, 36.39572248618146, 127.7326339659382
삼승원남시장-구역3, 36.39598099754495, 127.733533623463
삼승원남시장-구역3, 36.39604193281586, 127.7334732298257
삼승원남시장-구역3, 36.39611543585418, 127.7333275264829
삼승원남시장-구역3, 36.3959855320872, 127.7332249514093
삼승원남시장-구역3, 36.39589393417317, 127.7331399213978
삼승원남시장-구역3, 36.39550591588136, 127.7328250384275
삼승원남시장-구역3, 36.395453867954, 127.7327834687963
삼승원남시장-구역3, 36.39544440394909, 127.7328026993879
삼승원남시장-구역3, 36.39542941728422, 127.7329584906638
삼승원남시장-구역3, 36.39558912008076, 127.733111633539
삼승원남시장-구역3, 36.39562962032384, 127.7330712893598
삼승원남시장-구역3, 36.39587771963534, 127.7331365565019
삼승원남시장-구역3, 36.39576625905676, 127.7333452059748
삼승원남시장-구역3, 36.39589520276382, 127.7334940953482
삼승원남시장-구역3, 36.39592856547286, 127.7334701352227
삼승원남시장-구역4, 36.39525195307785, 127.7325366925124
삼승원남시장-구역4, 36.39526726229926, 127.7324859253364
삼승원남시장-구역4, 36.39531735473335, 127.7324875382208
삼승원남시장-구역4, 36.39533722780088, 127.7323318331778
삼승원남시장-구역4, 36.39517650843702, 127.7323137204585
삼승원남시장-구역4, 36.39507996411385, 127.732346724659
삼승원남시장-구역4, 36.39501563684137, 127.7323287849275
삼승원남시장-구역4, 36.39501616941419, 127.7324439835449
삼승원남시장-구역4, 36.39487465935226, 127.7324460914437
삼승원남시장-구역4, 36.39490452568455, 127.7324901081372
삼승원남시장-구역4, 36.3949780346017, 127.7325388305514
삼승원남시장-구역4, 36.39509303042647, 127.7325602779304
삼승원남시장-구역5, 36.39525254741419, 127.7328688156014
삼승원남시장-구역5, 36.3952709030561, 127.7326922272143
삼승원남시장-구역5, 36.39494215388846, 127.7326774130948
삼승원남시장-구역5, 36.39491210128744, 127.7327563169429
삼승원남시장-구역5, 36.39496102456877, 127.7328273641703
삼승원남시장-구역5, 36.39498948103227, 127.7328286625659
삼승원남시장-구역5, 36.39503288468796, 127.7330259433762
삼승원남시장-구역5, 36.39507496725811, 127.7330153085767
삼승원남시장-구역5, 36.39507001323955, 127.7328161344596
삼승원남시장-구역5, 36.39517544268945, 127.7327711911936
삼승원남시장-구역5, 36.39518531435605, 127.7328165551083
삼승원남시장-구역5, 36.39521901844591, 127.732822536769
삼승원남시장-구역5, 36.39521971541495, 127.7328632187052
회인전통시장(보은), 36.49290195458766, 127.597558622352
회인전통시장(보은), 36.49280321425267, 127.5975513966308
회인전통시장(보은), 36.49280481833411, 127.5974385351262
회인전통시장(보은), 36.49259944714633, 127.5974610774863
회인전통시장(보은), 36.49240979269324, 127.5975075094566
회인전통시장(보은), 36.49220549040593, 127.5975147786039
회인전통시장(보은), 36.4920740193852, 127.5975407322527
회인전통시장(보은), 36.49199880511129, 127.5975365097202
회인전통시장(보은), 36.49194441647369, 127.597521606916
회인전통시장(보은), 36.49192806848695, 127.5974833823351
회인전통시장(보은), 36.4919023124375, 127.5974256445334
회인전통시장(보은), 36.49181616188807, 127.5973908946494
회인전통시장(보은), 36.49179629721858, 127.5975781835168
회인전통시장(보은), 36.49183656900475, 127.5975731997753
회인전통시장(보은), 36.49186879905588, 127.5975774662961
회인전통시장(보은), 36.49225968614042, 127.5976120243512
회인전통시장(보은), 36.4928940022147, 127.5976413340967
회인전통시장-구역2, 36.49170858304445, 127.5975764627567
회인전통시장-구역2, 36.49170127297106, 127.597474901232
회인전통시장-구역2, 36.49172309741824, 127.597326029095
회인전통시장-구역2, 36.4913682722043, 127.5973310476504
회인전통시장-구역2, 36.49108510925471, 127.5974736255084
회인전통시장-구역2, 36.49108761386571, 127.5975507130725
회인전통시장-구역3, 36.49159884080098, 127.59849860161
회인전통시장-구역3, 36.49161809183767, 127.5984038793802
회인전통시장-구역3, 36.49171133385496, 127.5984078266772
회인전통시장-구역3, 36.49169317822643, 127.5982815575275
회인전통시장-구역3, 36.49156990162618, 127.598204177532
회인전통시장-구역3, 36.49159084625488, 127.5980357516936
회인전통시장-구역3, 36.49171476938223, 127.5979828997207
회인전통시장-구역3, 36.49172481426893, 127.5977656541668
회인전통시장-구역3, 36.49168350278999, 127.5976990993799
회인전통시장-구역3, 36.49081061256862, 127.5976679651413
회인전통시장-구역3, 36.49083755578074, 127.597751567368
회인전통시장-구역3, 36.4908177463013, 127.5978686151366
회인전통시장-구역3, 36.4908008652277, 127.5978972045259
회인전통시장-구역3, 36.49077856432639, 127.598129633532
회인전통시장-구역3, 36.49079771262384, 127.5981610787433
회인전통시장-구역3, 36.49070960766021, 127.5983050657916
회인전통시장-구역3, 36.49081047998384, 127.5983236157675
회인전통시장-구역3, 36.49085001055138, 127.5983163136881
회인전통시장-구역3, 36.4908743262536, 127.5982664287687
회인전통시장-구역3, 36.49087450128554, 127.5981728183832
회인전통시장-구역3, 36.49084088179001, 127.5981223401016
회인전통시장-구역3, 36.4910474046707, 127.5981050812722
회인전통시장-구역3, 36.49108323773683, 127.5980412479149
회인전통시장-구역3, 36.49105059323001, 127.5978844704551
회인전통시장-구역3, 36.49083068907273, 127.5978907016851
회인전통시장-구역3, 36.49110716465246, 127.5978174178359
회인전통시장-구역3, 36.49124613392954, 127.59780010732
회인전통시장-구역3, 36.49140836126051, 127.597814742457
회인전통시장-구역3, 36.49139107861151, 127.5979436190799
회인전통시장-구역3, 36.49154619854568, 127.5979474775408
회인전통시장-구역3, 36.49150682604947, 127.5985092510442
회인전통시장-구역3, 36.49154885739485, 127.5985080125821
회인전통시장-구역4, 36.49089286782095, 127.5974729969284
회인전통시장-구역4, 36.49082941584614, 127.5973191656394
회인전통시장-구역4, 36.49077270846833, 127.5973473698616
회인전통시장-구역4, 36.49073673305293, 127.5973385838141
회인전통시장-구역4, 36.49069003993393, 127.5973979057093
회인전통시장-구역4, 36.49075689417283, 127.5975441762923
회인전통시장-구역5, 36.49072571272782, 127.5977667557789
회인전통시장-구역5, 36.49069849116617, 127.5977152980226
회인전통시장-구역5, 36.49067282971967, 127.5977204919084
회인전통시장-구역5, 36.49061738454487, 127.5977404039799
회인전통시장-구역5, 36.49061726032254, 127.5976652881714
회인전통시장-구역5, 36.49051657518302, 127.5976551955301
회인전통시장-구역5, 36.49047869295349, 127.5977712226367
회인전통시장-구역5, 36.49051061647871, 127.5979073588016
회인전통시장-구역5, 36.49055193191364, 127.5978959189949
회인전통시장-구역5, 36.49058817468224, 127.5978410160695
회인전통시장-구역5, 36.49063939264816, 127.5978541288581
회인전통시장-구역5, 36.49062325308756, 127.597808054628
회인전통시장-구역6, 36.49061205812026, 127.5975219479307
회인전통시장-구역6, 36.49054227834102, 127.5973974796489
회인전통시장-구역6, 36.49050964354029, 127.5971870185378
회인전통시장-구역6, 36.49043748038751, 127.5971980823382
회인전통시장-구역6, 36.49040645039805, 127.5971722021383
회인전통시장-구역6, 36.49018472541493, 127.5973272637882
회인전통시장-구역6, 36.49031117254093, 127.5974714935879
회인전통시장-구역6, 36.49040204442451, 127.5975140737806
회인전통시장-구역7, 36.49038688433371, 127.597945615034
회인전통시장-구역7, 36.4903863436888, 127.5977934750461
회인전통시장-구역7, 36.49036387751276, 127.5976841167504
회인전통시장-구역7, 36.49038140431826, 127.5976369814853
회인전통시장-구역7, 36.4902269956405, 127.5976313918297
회인전통시장-구역7, 36.49025983404139, 127.5976852665522
회인전통시장-구역7, 36.49022483278196, 127.5977355826765
회인전통시장-구역7, 36.49023313100693, 127.5978096648327
회인전통시장-구역7, 36.49017083857363, 127.5978549901035
회인전통시장-구역7, 36.49016875159586, 127.5979240735744
회인전통시장-구역7, 36.49025530436714, 127.5980031486596
회인전통시장-구역7, 36.49030454533846, 127.5979779276315
회인전통시장-구역8, 36.49001351032342, 127.597941423392
회인전통시장-구역8, 36.49000592884078, 127.5976137297443
회인전통시장-구역8, 36.489966433337, 127.5976144930892
회인전통시장-구역8, 36.48993259098511, 127.5976642971686
회인전통시장-구역8, 36.48992877568482, 127.5979321708515
결초보은시장, 36.48411791563362, 127.7194902352936
결초보은시장, 36.48403583458933, 127.7192896644568
결초보은시장, 36.48396354725568, 127.7191314922179
결초보은시장, 36.48392921680541, 127.7190584278273
결초보은시장, 36.48366285664276, 127.7184993434231
결초보은시장, 36.48341180694673, 127.7179559393602
결초보은시장, 36.48333088739547, 127.7179725888988
결초보은시장, 36.48300015335338, 127.718190765798
결초보은시장, 36.4829060676286, 127.71825898675
결초보은시장, 36.48253344125707, 127.7184609595418
결초보은시장, 36.4825360902609, 127.7185494048874
결초보은시장, 36.48267683261668, 127.7195562474748
결초보은시장, 36.48272000433062, 127.7198533285012
결초보은시장, 36.48274438173722, 127.7200059691155
결초보은시장, 36.48286454337237, 127.719972106647
결초보은시장, 36.48285904651237, 127.7199371569048
결초보은시장, 36.48314665574387, 127.7198581649199
결초보은시장, 36.4832035272368, 127.7198029286209
결초보은시장, 36.48370654329979, 127.7196434416877
결초보은시장, 36.48386813277363, 127.7196020955522
결초보은시장, 36.48402967267255, 127.7195488180175
결초보은시장, 36.48403908456915, 127.7195748467273
결초보은시장, 36.48406738170655, 127.7195677730818
결초보은시장, 36.484061085651, 127.7195306125204
옥천종합상가, 36.3025330914612, 127.5684933847946
옥천종합상가, 36.30263790454815, 127.5682538879974
옥천종합상가, 36.30221521901648, 127.5679745938116
옥천종합상가, 36.30209907586858, 127.5682130422058
옥천종합상가, 36.30253310062567, 127.5684919385859
보은전통시장, 36.48438133617658, 127.7200613305308
보은전통시장, 36.48435963940496, 127.7200258437959
보은전통시장, 36.48434811148454, 127.7199659540895
보은전통시장, 36.48411763120834, 127.71952492659
보은전통시장, 36.48407252420677, 127.7195480758397
보은전통시장, 36.48407978362525, 127.7195734986943
보은전통시장, 36.48402450331577, 127.719607181864
보은전통시장, 36.48401112326656, 127.7195610873078
보은전통시장, 36.4839198423299, 127.7196023562154
보은전통시장, 36.48388165126475, 127.7196578750319
보은전통시장, 36.48319527869445, 127.7198690344588
보은전통시장, 36.48322151881236, 127.7200059988053
보은전통시장, 36.48318673362958, 127.7200500423462
보은전통시장, 36.48275858819307, 127.7201736746724
보은전통시장, 36.4828150486743, 127.7204624205693
보은전통시장, 36.48283064082971, 127.7205210524826
보은전통시장, 36.48284176965063, 127.720612950976
보은전통시장, 36.48293783914871, 127.7205929775436
보은전통시장, 36.48292061718961, 127.7205202890068
보은전통시장, 36.48323428088096, 127.7204631084728
보은전통시장, 36.48325272463102, 127.7205404149846
보은전통시장, 36.48366691492411, 127.7204684889028
보은전통시장, 36.48367133425302, 127.7205027398166
보은전통시장, 36.48371643975765, 127.7204901369092
보은전통시장, 36.48373226767215, 127.7206788179584
보은전통시장, 36.48379789977601, 127.7206595750219
보은전통시장, 36.48376602988398, 127.7205333810412
보은전통시장, 36.48421747410087, 127.7204013483827
보은전통시장, 36.48419911776856, 127.7203490264271
보은전통시장, 36.48428800988154, 127.7203041307701
보은전통시장, 36.48421923911312, 127.7200985037672
보은전통시장, 36.48423951454581, 127.7200945610895
보은전통시장, 36.48426355386636, 127.7201287368225
보은전통시장, 36.48429018103895, 127.7201231875141
보은전통시장, 36.48427895621631, 127.720092680489
보은전통시장, 36.48437818602711, 127.7200605215395
마로관기시장(보은), 36.43585073375774, 127.8178501677332
마로관기시장(보은), 36.43605887959647, 127.8172519146719
마로관기시장(보은), 36.43589146969186, 127.8171758684628
마로관기시장(보은), 36.43553503292464, 127.8181616528891
마로관기시장(보은), 36.43593187659661, 127.8178999715348
마로관기시장(보은), 36.43593390917076, 127.8178951752012
보은 마로관기시장-구역2, 36.43557218751123, 127.8186209964657
보은 마로관기시장-구역2, 36.43550603841436, 127.8186131532585
보은 마로관기시장-구역2, 36.43554069762956, 127.8184649002788
보은 마로관기시장-구역2, 36.43552093983335, 127.8184178403954
보은 마로관기시장-구역2, 36.43545670628391, 127.8183949197098
보은 마로관기시장-구역2, 36.43541939373542, 127.8184388385549
보은 마로관기시장-구역2, 36.43535374659915, 127.8187912926925
보은 마로관기시장-구역2, 36.43539801313477, 127.8188301740641
보은 마로관기시장-구역2, 36.43545546531843, 127.818833876387
보은 마로관기시장-구역2, 36.43557276311715, 127.8186250009113
보은 마로관기시장-구역3, 36.43549184342787, 127.8190702419024
보은 마로관기시장-구역3, 36.43557892759363, 127.8190334719182
보은 마로관기시장-구역3, 36.43563649196832, 127.8189833850118
보은 마로관기시장-구역3, 36.4356439569769, 127.8189405672742
보은 마로관기시장-구역3, 36.43549671603548, 127.8188669529568
보은 마로관기시장-구역3, 36.43540914477292, 127.8188606001808
보은 마로관기시장-구역3, 36.43533843465906, 127.8188406881176
보은 마로관기시장-구역3, 36.43534162133658, 127.8191896297923
보은 마로관기시장-구역3, 36.43550822983612, 127.8191877134918
보은 마로관기시장-구역3, 36.43550822983612, 127.8191877134918
보은 마로관기시장-구역4, 36.43566993831522, 127.8174127857178
보은 마로관기시장-구역4, 36.43576315787384, 127.8170993667999
보은 마로관기시장-구역4, 36.43552674833175, 127.8171064182149
보은 마로관기시장-구역4, 36.43544502317411, 127.81709007199
보은 마로관기시장-구역4, 36.43542377712899, 127.8171148713751
보은 마로관기시장-구역4, 36.4352928399498, 127.8170816852161
보은 마로관기시장-구역4, 36.43517772084979, 127.8171158269917
보은 마로관기시장-구역4, 36.43514806059504, 127.8171797734968
보은 마로관기시장-구역4, 36.43510515411707, 127.8171919744692
보은 마로관기시장-구역4, 36.43507478005605, 127.8171874103974
보은 마로관기시장-구역4, 36.43499140681182, 127.8171553815036
보은 마로관기시장-구역4, 36.43497317400511, 127.817202258235
보은 마로관기시장-구역4, 36.43494356930887, 127.8172241031568
보은 마로관기시장-구역4, 36.43494161352162, 127.8172626339284
보은 마로관기시장-구역4, 36.4351259122276, 127.8173535936284
보은 마로관기시장-구역4, 36.43515954942512, 127.8172510365104
보은 마로관기시장-구역4, 36.4353736744582, 127.8174062982233
보은 마로관기시장-구역4, 36.43531700554909, 127.8174913307419
보은 마로관기시장-구역4, 36.43547666562041, 127.8176053351494
보은 마로관기시장-구역4, 36.43557445061121, 127.8173774714607
보은 마로관기시장-구역4, 36.43566807557815, 127.817421049364
보은 마로관기시장-구역5, 36.43551437249668, 127.8178386772287
보은 마로관기시장-구역5, 36.43559728528511, 127.8176075746781
보은 마로관기시장-구역5, 36.43552070024413, 127.8175682956666
보은 마로관기시장-구역5, 36.43548594349877, 127.8176758394725
보은 마로관기시장-구역5, 36.43545756559916, 127.8176587128102
보은 마로관기시장-구역5, 36.43541436338442, 127.8177922348449
보은 마로관기시장-구역5, 36.43551160218275, 127.8178459680427
보은 마로관기시장-구역6, 36.4353118208171, 127.8184022514874
보은 마로관기시장-구역6, 36.43527373309088, 127.81833902297
보은 마로관기시장-구역6, 36.43535511944975, 127.818270663409
보은 마로관기시장-구역6, 36.43546780052776, 127.8179543369171
보은 마로관기시장-구역6, 36.4353281989046, 127.8178837473337
보은 마로관기시장-구역6, 36.4353138143604, 127.8179166049202
보은 마로관기시장-구역6, 36.43511159147604, 127.8178400720587
보은 마로관기시장-구역6, 36.43502203381452, 127.8181137978296
보은 마로관기시장-구역6, 36.43510392199445, 127.8181455596046
보은 마로관기시장-구역6, 36.43508290818092, 127.8182547511252
보은 마로관기시장-구역6, 36.43499411601224, 127.8182262751004
보은 마로관기시장-구역6, 36.43496258417548, 127.8183548077881
보은 마로관기시장-구역6, 36.43511139891144, 127.8184877478909
보은 마로관기시장-구역6, 36.4353136791223, 127.8184079454157
보은 마로관기시장-구역7, 36.43492760181754, 127.8176060569024
보은 마로관기시장-구역7, 36.43499473333527, 127.8174044705305
보은 마로관기시장-구역7, 36.43493874862028, 127.817294864563
보은 마로관기시장-구역7, 36.43490198232798, 127.8172680706395
보은 마로관기시장-구역7, 36.43486484671802, 127.8174372912027
보은 마로관기시장-구역7, 36.4348153325834, 127.8175297703566
보은 마로관기시장-구역7, 36.4347344763115, 127.817511978976
보은 마로관기시장-구역7, 36.43482233141909, 127.8175572511728
보은 마로관기시장-구역7, 36.43480476819302, 127.8175935276043
보은 마로관기시장-구역7, 36.43475351342213, 127.817640273977
보은 마로관기시장-구역7, 36.43491991688248, 127.8177314322475
보은 마로관기시장-구역7, 36.4349534382895, 127.8176328297035
보은 마로관기시장-구역7, 36.43495360802932, 127.8176376620875
보은 마로관기시장-구역8, 36.43476301660989, 127.8182341210843
보은 마로관기시장-구역8, 36.43490570015183, 127.8177536504143
보은 마로관기시장-구역8, 36.43473316715787, 127.8176671319621
보은 마로관기시장-구역8, 36.4347103863204, 127.8177131912026
보은 마로관기시장-구역8, 36.4347614891219, 127.8177151858206
보은 마로관기시장-구역8, 36.43477950220242, 127.8177367391359
보은 마로관기시장-구역8, 36.43480305288617, 127.8177396354575
보은 마로관기시장-구역8, 36.43480851870541, 127.8177689238523
보은 마로관기시장-구역8, 36.43470489884117, 127.8177818923241
보은 마로관기시장-구역8, 36.43471325573056, 127.8178295359073
보은 마로관기시장-구역8, 36.4346790065584, 127.8178194803216
보은 마로관기시장-구역8, 36.43463795088074, 127.8179139734127
보은 마로관기시장-구역8, 36.43475633422677, 127.8179676926417
보은 마로관기시장-구역8, 36.43473290371831, 127.8180027965869
보은 마로관기시장-구역8, 36.43471072878, 127.8180151905739
보은 마로관기시장-구역8, 36.43469010424654, 127.8181561299612
보은 마로관기시장-구역8, 36.43466919005061, 127.8181644946584
보은 마로관기시장-구역8, 36.4346681609227, 127.8182029509724
보은 마로관기시장-구역8, 36.43476030006717, 127.8182353044327
보은 마로관기시장-구역9, 36.43523829573929, 127.8192149540797
보은 마로관기시장-구역9, 36.43522549710966, 127.8187671897721
보은 마로관기시장-구역9, 36.43508815837293, 127.8185745778532
보은 마로관기시장-구역9, 36.43498074810714, 127.8184859817289
보은 마로관기시장-구역9, 36.43468179479882, 127.8183536133028
보은 마로관기시장-구역9, 36.43471304327019, 127.8184600240028
보은 마로관기시장-구역9, 36.4347632521884, 127.8185671149004
보은 마로관기시장-구역9, 36.43479746286456, 127.8187217600715
보은 마로관기시장-구역9, 36.43493819012517, 127.8190004566644
보은 마로관기시장-구역9, 36.43495379706272, 127.8191109848195
보은 마로관기시장-구역9, 36.43499673965413, 127.8192567967681
보은 마로관기시장-구역9, 36.43523845777149, 127.8192206225851
